ID,test_likeness
0,0.6272191700075651
1,0.2707856099370397
2,0.040968963380218215
3,0.2612820838853782
4,0.5135012710493455
5,0.5285731497553523
6,0.4221957557674003
7,0.5405497184600866
8,0.6859609979929187
9,0.8212017868511001
10,0.14323444580274974
11,0.8086988639959962
12,0.13314077330411014
13,0.2574975792508529
14,0.2361209286625148
15,0.9448201445219231
16,0.3473266201403114
17,0.9171809320652792
18,0.3108081760257402
19,0.1664826138763886
20,0.001756656146124724
21,0.08951918698752961
22,0.21407402098842282
23,0.31616155776157917
24,0.24571031661747342
25,0.41100004742952806
26,0.41521309572579457
27,0.023503970853511576
28,0.2895419409844164
29,0.01766270137183539
30,0.4511114331266097
31,0.0018393526274100166
32,0.372225403990404
33,0.3594254255493487
34,0.6238306919069739
35,0.36619152787664083
36,0.4616404007822384
37,0.20179415499843548
38,0.6687712109933642
39,0.5025684687313174
40,0.003101644764019289
41,0.007354252711917172
42,0.2244912281652981
43,0.6506097607766502
44,0.26671465596447014
45,0.37503272919561126
46,0.7317048941584219
47,0.7064046223664581
48,0.1370321025549057
49,0.38147476021723886
50,0.2972239986273857
51,0.7238388208258443
52,0.021968248676455884
53,0.5230093180232555
54,0.14596749866061468
55,0.6012594961965934
56,0.1993557098562292
57,0.41608348064358824
58,0.5953774634345426
59,0.5877354515677401
60,0.5001494862100784
61,0.37803917576412266
62,0.057190784156751086
63,0.3905298669054564
64,0.45456077925432686
65,0.26098249460512013
66,0.44312395983155484
67,0.03191907487146149
68,0.6063828572568655
69,0.5913083849273915
70,0.862422229859895
71,0.8659784806977783
72,0.3760803544486918
73,0.36721083511412356
74,0.3264838358912229
75,0.6821421893456515
76,0.398333594311713
77,0.6368792253920685
78,0.6585187692283646
79,0.4655218418446843
80,0.35116421177967266
81,0.7349615996121491
82,0.35100726211990324
83,0.48426701987029536
84,0.4637147283675675
85,0.27617734602482313
86,0.32235152517647647
87,0.6207521379863067
88,0.14950674255857976
89,0.16589350585954662
90,0.25189481826738735
91,0.001756656146124724
92,0.30919049700596457
93,0.05814218545877529
94,0.1317114907162057
95,0.46474979747784567
96,0.14582209223431752
97,0.29406130449142903
98,0.4273385691069242
99,0.7504267114719112
100,0.5638394356671022
101,0.45636911674893516
102,0.8346569378661064
103,0.5619869160397678
104,0.09128856229815474
105,0.5752229375029523
106,0.3575118719823134
107,0.2987579501386891
108,0.3046191481568757
109,0.3594331420970298
110,0.6190128896270662
111,0.06157769803441101
112,0.3423686267422215
113,0.30069267628442425
114,0.316588052330417
115,0.47700150583242196
116,0.40572012256996337
117,0.8544191570466901
118,0.8227817624615673
119,0.5616380770171208
120,0.4725392034803168
121,0.40169257114409596
122,0.40268664543252813
123,0.2888449586531563
124,0.29732194914691357
125,0.330514832111801
126,0.586795254305308
127,0.8417064837519886
128,0.37940003951811396
129,0.6278048117611111
130,0.8143647348538436
131,0.4999737734965421
132,0.4796511970553774
133,0.442627420798514
134,0.32884508175288224
135,0.15050202727296566
136,0.55458103010208
137,0.3142736741676931
138,0.6846851524041903
139,0.5082647876924232
140,0.042029017165469224
141,0.43838540891368516
142,0.39301006826642604
143,0.061528211806833676
144,0.3574834278166497
145,0.369115668159784
146,0.45995435662934653
147,0.49008485657384365
148,0.7419835393826193
149,0.07892493791105178
150,0.4289766095190182
151,0.5184988168399904
152,0.5795813995857279
153,0.5070614300462821
154,0.13101640029585998
155,0.710429122611432
156,0.7872423987345605
157,0.5823199822329254
158,0.7242266965476077
159,0.7119958032418201
160,0.746965551119694
161,0.3738787164525761
162,0.7701757985006236
163,0.1828952954107954
164,0.4504702584588
165,0.6449968208479993
166,0.12789505357553807
167,0.6216853706756887
168,0.526146453319608
169,0.8839582973491469
170,0.19553033761271274
171,0.4481724815373699
172,0.003293053570049168
173,0.5020768426123997
174,0.667148789572097
175,0.34145318802809244
176,0.36182919726033425
177,0.4502035190796379
178,0.4043358990196243
179,0.8373910946256314
180,0.8659534080173181
181,0.06362449560178622
182,0.1507433147676032
183,0.0016327923050028948
184,0.00530514924503858
185,0.37280097282577757
186,0.33642090932955665
187,0.37863297561860565
188,0.45281894602240563
189,0.1599676218507214
190,0.48409461922940455
191,0.49630490458485227
192,0.37211855308421793
193,0.5662343411806448
194,0.7621213149806697
195,0.4087102401909235
196,0.21653223910358096
197,0.13045473252663867
198,0.6438872145606356
199,0.24531528730488195
200,0.5752079401777914
201,0.4600240280626415
202,0.5752537675854609
203,0.0018469594101067435
204,0.44993807283738213
205,0.30886984595374256
206,0.31420777515429577
207,0.3159035103111436
208,0.2865027777986806
209,0.49343202606299685
210,0.6019573515929321
211,0.35935476153345575
212,0.9622181896352495
213,0.6044754548017797
214,0.296775238401043
215,0.4481090211879688
216,0.8639380280470244
217,0.5540646085800744
218,0.4437688614736901
219,0.9223048469393108
220,0.0064517943813579125
221,0.2732362232028374
222,0.48964526737989217
223,0.607789051339025
224,0.36374118433825314
225,0.4120453511464382
226,0.3264668694315896
227,0.3794939810980455
228,0.7715848486039001
229,0.30270063900552197
230,0.5271993726599414
231,0.10778799613640634
232,0.704058218689361
233,0.19952553536020176
234,0.3173900306719789
235,0.20676323224547022
236,0.775013255827793
237,0.2906563604036067
238,0.6072920326111579
239,0.507259116542355
240,0.4574383920861968
241,0.3653580639749178
242,0.6543027749708213
243,0.49628252481295493
244,0.5999442586894174
245,0.27107198374361796
246,0.319213624844801
247,0.34253860980159434
248,0.23109634938415216
249,0.44233267523450753
250,0.5107323548098891
251,0.861679821052626
252,0.13849543725945518
253,0.7033190746662978
254,0.9636252257675659
255,0.9412813916522903
256,0.1790144358933795
257,0.2984733035657566
258,0.7496756024568823
259,0.400184657229327
260,0.49475586765295315
261,0.48597086575476867
262,0.1439295425976725
263,0.689566851715925
264,0.5446643126307293
265,0.4691784772375725
266,0.047666994998268104
267,0.3080043726543513
268,0.4381486953022597
269,0.37377414661454317
270,0.00590048429329214
271,0.45455361931539645
272,0.018566610274899385
273,0.42746359807769435
274,0.10474243501127911
275,0.16313423121569937
276,0.24623077271286306
277,0.015642600943217105
278,0.816706913359155
279,0.3457345109954756
280,0.003439718928004162
281,0.03462287526696755
282,0.28399678045158144
283,0.3047562178257276
284,0.43552130913716575
285,0.31004193669027685
286,0.31300486823715573
287,0.4208495864416179
288,0.6179212287775715
289,0.517294428420368
290,0.491883664507389
291,0.43885656699620845
292,0.5387462656751432
293,0.10496488344644508
294,0.6170575526338975
295,0.1259653794089305
296,0.05952469711308127
297,0.005020949013714162
298,0.321107594336495
299,0.3276943276895356
300,0.148358203131598
301,0.1625980833683215
302,0.44722359577500614
303,0.21345732879575186
304,0.6703122985086389
305,0.46492482271994784
306,0.40112915210550343
307,0.5579524882794517
308,0.6409102692944797
309,0.9632617878052057
310,0.34354316759283904
311,0.328847355508485
312,0.12894221419776922
313,0.19654884159873995
314,0.35926968363641937
315,0.3288222027141846
316,0.2761238292339371
317,0.2399951671616506
318,0.569406038075953
319,0.09633818914772126
320,0.49202346732565827
321,0.4412272466530118
322,0.1339617890434533
323,0.18592611388086477
324,0.13798553888423762
325,0.3256966116431404
326,0.36731974528837685
327,0.5801752583788886
328,0.20039121739721946
329,0.32423439341465815
330,0.22859155744015336
331,0.009189824029900803
332,0.40897600921918403
333,0.345989896113069
334,0.8766109914877032
335,0.1695316806749183
336,0.8582498220234012
337,0.5122957951335085
338,0.6838681025809783
339,0.14015028576910807
340,0.5769388925807647
341,0.3274263117996331
342,0.43344028906478194
343,0.4084646076145469
344,0.450947690326496
345,0.2417117632142983
346,0.07539353952768629
347,0.17266463677156837
348,0.49673593453386045
349,0.9384302675462156
350,0.3777096595628863
351,0.42780074318035594
352,0.11745845064267989
353,0.2772288979131617
354,0.5034808638391046
355,0.5849312442853766
356,0.626172822248732
357,0.18038625441958706
358,0.322532646620627
359,0.526323782758647
360,0.4934510645596966
361,0.567898053692962
362,0.7458912090661971
363,0.5632866807871268
364,0.4286322040299066
365,0.38757174660234944
366,0.6345315171580235
367,0.25634454785708555
368,0.5998358703236271
369,0.41935853612384943
370,0.22944824869313402
371,0.5041021997138687
372,0.3431735338293098
373,0.9704062309221668
374,0.5919279563021071
375,0.5278936481030703
376,0.3662697194995898
377,0.003444850761915511
378,0.8570952077618684
379,0.9018264231254706
380,0.5279583700909813
381,0.21002367091355495
382,0.1646319205695463
383,0.48850448446594397
384,0.17669725986102675
385,0.36859361911498023
386,0.41852405443458157
387,0.3717996393849485
388,0.38422930863034216
389,0.4124597135953207
390,0.49293584816683117
391,0.6470223577052191
392,0.5358313030273831
393,0.39621142454434216
394,0.31818667275959445
395,0.44975373084059533
396,0.31475993033080185
397,0.8887640833785105
398,0.5348660715379917
399,0.29926089996498184
400,0.6030556296127988
401,0.35429553418688436
402,0.47394404983900745
403,0.21979894781424755
404,0.46401619274929334
405,0.5060853577634997
406,0.8152088776954146
407,0.5867367931318633
408,0.0029121011890967862
409,0.4183610743176952
410,0.09651684517721688
411,0.7760687928447426
412,0.31792540471441494
413,0.4213794733706719
414,0.22406241856718145
415,0.43576748735633364
416,0.1391705870839647
417,0.2905642589536383
418,0.6983362746771341
419,0.09024642387849344
420,0.327878478962558
421,0.29644503840642483
422,0.3348837954636079
423,0.4704214799001074
424,0.6173486849933102
425,0.46643126412887126
426,0.13354870461732526
427,0.38190468267191896
428,0.2623613845607642
429,0.39258080595423905
430,0.5965102739340832
431,0.1368931216635813
432,0.8736936543475642
433,0.08626593776270593
434,0.5793540528392396
435,0.2691056510029795
436,0.02173359332109403
437,0.4883948085079802
438,0.7581605430257794
439,0.28315843580289923
440,0.33308958215400664
441,0.023932282236872944
442,0.17473701099124167
443,0.6482361397349575
444,0.32635928566647415
445,0.24535562356912888
446,0.12741910099783135
447,0.4030319093046657
448,0.3892868255802471
449,0.4204104605552291
450,0.8426145309019768
451,0.32881068808551855
452,0.7080572512957384
453,0.429597526323301
454,0.3769856416145272
455,0.6044639614153082
456,0.2528427024326799
457,0.23552132097390854
458,0.4820543853033711
459,0.786745910815576
460,0.6198366053146559
461,0.11524657913722147
462,0.6420989829273115
463,0.6920156783643971
464,0.7025880048732576
465,0.09219253907586852
466,0.4501021430994347
467,0.3130330392284328
468,0.29463491230118094
469,0.40374741964809846
470,0.11698039069549653
471,0.2193139455445036
472,0.1444083568420085
473,0.4585996986762497
474,0.40946148043209485
475,0.29907979174681015
476,0.936364846845219
477,0.5442551132011549
478,0.3986665286469688
479,0.488680492047485
480,0.5749590021416612
481,0.48889138374432023
482,0.35174640477866687
483,0.4153627246850293
484,0.24469350623284683
485,0.5228729388719736
486,0.39863297589535396
487,0.5694604171048125
488,0.7110254744251988
489,0.5705308746762937
490,0.9301752065676344
491,0.5119229106566261
492,0.4450034584882972
493,0.11392163809710516
494,0.5246085407702425
495,0.8525087482110127
496,0.1698854852148729
497,0.339329596067452
498,0.40791542429107097
499,0.5207095863635027
500,0.5454364885488341
501,0.845899963013488
502,0.2850919802162436
503,0.3391961717797704
504,0.5049032410293708
505,0.33392247441000616
506,0.6401287906618911
507,0.21999351112149818
508,0.19702374672442788
509,0.5794085955122545
510,0.2986039189027852
511,0.16574360472900168
512,0.49800325745195634
513,0.6231436721451512
514,0.9110969632570907
515,0.4323050213023773
516,0.19680624723750223
517,0.13489063895124997
518,0.3005272419122269
519,0.4177106071832785
520,0.407791413432769
521,0.4487826660025961
522,0.3210644421371609
523,0.3771479519768597
524,0.35173648136613306
525,0.20186653548281758
526,0.255242744147034
527,0.46707734272780355
528,0.3697122589269878
529,0.5770235051426679
530,0.5255395912384138
531,0.1661088826814596
532,0.5534802527496635
533,0.2519299183753409
534,0.2353331093263046
535,0.42582569241505663
536,0.21023806282091986
537,0.3503959908905455
538,0.469723556320653
539,0.5043830711025469
540,0.3505320215946162
541,0.4672714005314024
542,0.6357464267832759
543,0.5921813267514783
544,0.37580294279255205
545,0.6818498929824608
546,0.48743527278859006
547,0.6549085707353094
548,0.5178137377645656
549,0.36535730901214214
550,0.8216508086191835
551,0.45963073857118975
552,0.19828000045683963
553,0.4101622475902918
554,0.6176594118958726
555,0.4064001559240434
556,0.3928323060095878
557,0.44170890663711193
558,0.4073794860817301
559,0.6369543543218662
560,0.37293704767942437
561,0.5454433372348128
562,0.5302676272225766
563,0.5451108177106594
564,0.5426882953696875
565,0.4548681928151069
566,0.6933691313879905
567,0.5717711516341997
568,0.3318814220249468
569,0.8555508634596531
570,0.2753099907795976
571,0.32086138865520136
572,0.2878191263083108
573,0.10873127086663
574,0.24425438924007029
575,0.4422703995480842
576,0.1493585867579648
577,0.5898427877554393
578,0.5402806143383405
579,0.24968427835540477
580,0.520901952354753
581,0.6178263517833879
582,0.3863103430503314
583,0.628249962356371
584,0.5733060351360374
585,0.2948495328910515
586,0.393756948901903
587,0.011848059123370645
588,0.45881320291652233
589,0.0040864655829462495
590,0.7623065459381673
591,0.19532963983947585
592,0.12829323417500535
593,0.39280155612170964
594,0.7610359366999478
595,0.5649827531844617
596,0.33660782403559864
597,0.003444850761915511
598,0.7356872808899866
599,0.6795508770911005
600,0.3905399319345001
601,0.0037424698095345583
602,0.47845166911223697
603,0.5436462511738731
604,0.33433290333823545
605,0.5529258841356374
606,0.6063507436672688
607,0.2438677915048632
608,0.3836347661161044
609,0.0036566899336855315
610,0.08107871511993305
611,0.49438767561548685
612,0.49252170296149167
613,0.43436867426675063
614,0.003439718928004162
615,0.5525398638150145
616,0.597428583568379
617,0.5187307255793442
618,0.0018469594101067435
619,0.587069068205483
620,0.32183964046561625
621,0.32533492797113667
622,0.6296464904475422
623,0.8438656484601492
624,0.3749186325511418
625,0.8289748024070476
626,0.7243415320963671
627,0.5657179565036814
628,0.0033235761466294334
629,0.5375325499454474
630,0.20354837697287398
631,0.47515037395126436
632,0.8917301401917652
633,0.8584499162819828
634,0.30921858261966434
635,0.4068313938816997
636,0.4960894770306428
637,0.37361168442981224
638,0.6514394021055717
639,0.5972354499529698
640,0.29914817990623893
641,0.33154914165521476
642,0.07512382033704844
643,0.18368353700066842
644,0.18949691622014986
645,0.4654099229332411
646,0.15822611158749586
647,0.39040600051998825
648,0.40383959631113825
649,0.22332017759982856
650,0.5750606282142692
651,0.49436118018421105
652,0.3721008746749913
653,0.51510557860375
654,0.4205501283588697
655,0.27097286152279926
656,0.42668534393666047
657,0.2467200948130999
658,0.38853785992978296
659,0.5673632531675679
660,0.5981477181830221
661,0.5117931556844025
662,0.11018659503280585
663,0.9393989893708494
664,0.08970573852974946
665,0.19773693657946845
666,0.19443466299131681
667,0.18150683498711906
668,0.45251547381839446
669,0.6110218098402291
670,0.38910521322605796
671,0.6094563071489617
672,0.516049335762438
673,0.35523782963901407
674,0.5032599653809289
675,0.45499586743671566
676,0.01696221663801872
677,0.5225342072164343
678,0.24084803136224714
679,0.18216750143791896
680,0.5062562369665129
681,0.44719506131329534
682,0.11493497068173913
683,0.34651797000657986
684,0.611358738746398
685,0.4882009882588361
686,0.07053833027722958
687,0.32590314228879214
688,0.10722733337036257
689,0.0034690621236528317
690,0.33411379252625634
691,0.24139179794722637
692,0.4429426474142951
693,0.47997640866888747
694,0.33120983527338194
695,0.749474680660866
696,0.2982420544636147
697,0.25453965934788964
698,0.2836196079585593
699,0.17156669858726253
700,0.4544280891854793
701,0.18070683893294867
702,0.19965126762574056
703,0.20965363910313908
704,0.32790445160233356
705,0.16464429819193943
706,0.8107022992297699
707,0.43375571240572186
708,0.33519351206062015
709,0.47999036531960365
710,0.11541672148136085
711,0.17001622652702625
712,0.5498919264657357
713,0.5627258442661932
714,0.4884293195266069
715,0.2769767187848576
716,0.3981086346598467
717,0.4315671806028088
718,0.3939677119853165
719,0.23228371773061604
720,0.32800538604795704
721,0.5210615790937547
722,0.6202668474600178
723,0.45789750105187876
724,0.0033615174285821768
725,0.14199474720256886
726,0.9397227275583522
727,0.04246545027477956
728,0.4313049478137615
729,0.6540429072434304
730,0.14031379496889052
731,0.7348832759499406
732,0.5468495517802083
733,0.716067889457733
734,0.2787190732552493
735,0.3776545227261057
736,0.4234173928016466
737,0.7315956477046659
738,0.23529172489653527
739,0.39391183479899633
740,0.44955307219242135
741,0.5385861062824813
742,0.5122444657143523
743,0.930386250859671
744,0.34388732108015113
745,0.5670633795114203
746,0.6877055803683036
747,0.2749355476964875
748,0.4219651037407378
749,0.44621448241678685
750,0.5714963490607671
751,0.40877762812225227
752,0.8368980474755386
753,0.09758340647040577
754,0.4888088773010161
755,0.6988166727948935
756,0.8629607959171893
757,0.003444850761915511
758,0.22713134886995884
759,0.7720780279602301
760,0.41968027559135884
761,0.36633523092400716
762,0.5682998700851989
763,0.30781375678194434
764,0.1463584603468203
765,0.1653513990777933
766,0.6676576579646445
767,0.5134807560202383
768,0.26867238698156437
769,0.5960341277433323
770,0.8753068493948327
771,0.4885757043749
772,0.5294748235476976
773,0.07691955676393113
774,0.4114419471762823
775,0.4652813152785231
776,0.45916291252838076
777,0.183296215745749
778,0.42217907236721675
779,0.0037424698095345583
780,0.7915051197947484
781,0.5102652901826947
782,0.3142573972306675
783,0.4958562819721574
784,0.5806737483227576
785,0.31759901105100574
786,0.4843376076462892
787,0.015744885536022043
788,0.2718517412311909
789,0.48231969137596825
790,0.04146484705928936
791,0.0033687246357893843
792,0.6240930374780224
793,0.3558446515888232
794,0.4008461658644982
795,0.1347111129742676
796,0.5491045398093295
797,0.2926605056437901
798,0.0025963117154125756
799,0.0634327303200801
800,0.6778077558788451
801,0.4615238298000993
802,0.46347887787493836
803,0.5222631466530431
804,0.43522611149505064
805,0.3331564288487231
806,0.7637193913461839
807,0.8461502866107854
808,0.2210131879388766
809,0.3348761791205285
810,0.3480888847251666
811,0.7452486949900801
812,0.508686043219482
813,0.17497989049713927
814,0.06808198297705521
815,0.5115432347377062
816,0.5633203253290706
817,0.6358317845231357
818,0.004283628985105025
819,0.4430115030964244
820,0.262384802192722
821,0.5666209802497897
822,0.4087570215431423
823,0.3354201607901974
824,0.42056766394109796
825,0.34956448563473
826,0.5961248492735516
827,0.3833793751950624
828,0.5330410502360136
829,0.39302219627780954
830,0.5184920626989076
831,0.15409843221439873
832,0.5477656804926433
833,0.462252686347312
834,0.2923925734314562
835,0.29825780868359986
836,0.25457442995754515
837,0.4156972050779198
838,0.56689278969195
839,0.48231262853012075
840,0.8532199747382103
841,0.21214180739575156
842,0.19279657331707198
843,0.832398270697706
844,0.07408328683175205
845,0.20897237256013854
846,0.3262587996976335
847,0.16342862110999803
848,0.37747062978603346
849,0.6086744380767353
850,0.35696047805304504
851,0.27018113937312777
852,0.9297764656712464
853,0.4469512233913326
854,0.28507769702921637
855,0.5539261231606749
856,0.04367363165651333
857,0.44054844886918815
858,0.07699136364918281
859,0.46729603597785757
860,0.39450881046467223
861,0.22423694877130315
862,0.5059864561349852
863,0.6191116313227918
864,0.28381565780309786
865,0.24333409115242904
866,0.4912775197090633
867,0.5767034065567518
868,0.4827511619846321
869,0.11742649377346885
870,0.6505197089755996
871,0.281205851249359
872,0.4812327278481426
873,0.47031945288477167
874,0.4603324680495115
875,0.5230827896338948
876,0.2482699844509566
877,0.5670250099179593
878,0.6383823936637311
879,0.3297406082229248
880,0.9266691835631747
881,0.25055844658321735
882,0.6257311386876437
883,0.446773970815075
884,0.2092001155268614
885,0.49448076033230426
886,0.5951242926735764
887,0.20371718028775934
888,0.32907088335788987
889,0.5172658078222416
890,0.42743362153718123
891,0.32690070837201085
892,0.10886336690587936
893,0.2587006903732738
894,0.420387581092377
895,0.23356789837056985
896,0.2445690693625662
897,0.2262961981951035
898,0.496873615572757
899,0.3269317559915855
900,0.22088554713501118
901,0.2647409029689705
902,0.18875810870736306
903,0.6173197296078705
904,0.3989149364096768
905,0.6433045638126832
906,0.06875870958154222
907,0.541322862393616
908,0.03749794888746459
909,0.5636951129776537
910,0.46865537210103053
911,0.37829589970564315
912,0.48673791026649577
913,0.8192695746026979
914,0.5512596167724301
915,0.19825094024831025
916,0.9148926395812408
917,0.14868294965257275
918,0.40195660082667056
919,0.14329701488186555
920,0.842092203658014
921,0.46988659432863794
922,0.36656529702484186
923,0.806150166890187
924,0.18530275667719834
925,0.385498031522071
926,0.30602724810418547
927,0.27073201769122107
928,0.5338062138829767
929,0.23740797007119963
930,0.3595663073763555
931,0.30619920382719856
932,0.7263143401302327
933,0.2956774764538249
934,0.35195859510555333
935,0.26987397950798053
936,0.41543135347741095
937,0.5839634504713024
938,0.6661891162033786
939,0.37881821319058173
940,0.2122972539398404
941,0.27919799712774784
942,0.6374096838798898
943,0.37799176848362553
944,0.3772589854719529
945,0.09951195159656097
946,0.6155606963589972
947,0.6648726192723796
948,0.15842138836768827
949,0.4480861404730677
950,0.24730371970253928
951,0.3104321759713519
952,0.3448923650649337
953,0.2666032521236028
954,0.6680131231532002
955,0.41919805476613636
956,0.5581991775815648
957,0.8069084633466663
958,0.9297301334328658
959,0.15621998460396355
960,0.12522012449050943
961,0.3010402876593218
962,0.3823973404598543
963,0.427692743201592
964,0.001742623765677052
965,0.8400033524337733
966,0.5172634601392645
967,0.03177743407244475
968,0.6983687472267052
969,0.6278108041768699
970,0.24063282848671003
971,0.5571862421842995
972,0.5944319067311772
973,0.39256195778220226
974,0.10590056687628313
975,0.13372787156852436
976,0.4839559611325193
977,0.2601448796848203
978,0.5850082605288885
979,0.35398259200023413
980,0.5880291643590562
981,0.2670743711283963
982,0.4553810326556439
983,0.38662442743793324
984,0.3209248294986896
985,0.13970604470495301
986,0.3154123450725485
987,0.23431609186581143
988,0.41246963470324816
989,0.5525669272669178
990,0.0033235761466294334
991,0.4207982983106334
992,0.006733618855054226
993,0.30100292695519876
994,0.6623641126222571
995,0.15325952448168678
996,0.48986132039050695
997,0.33741963746731496
998,0.36504327717170376
999,0.15623351369839003
1000,0.4031907304309043
1001,0.4102600697646258
1002,0.5016990571755268
1003,0.2294032319934737
1004,0.4228411529986154
1005,0.21734391205671058
1006,0.4453736777892456
1007,0.6908252036700481
1008,0.13101642552908976
1009,0.48533863612100786
1010,0.3489380656756588
1011,0.5029661438836713
1012,0.3991481491333652
1013,0.46239795663578076
1014,0.2735538785683578
1015,0.9237135613787627
1016,0.2892442596719084
1017,0.6772303435387992
1018,0.3201757956328534
1019,0.03976846342791537
1020,0.37362796589360137
1021,0.5774955329244815
1022,0.038730976008531655
1023,0.42853590801400393
1024,0.45742157051876153
1025,0.0032067813159513277
1026,0.1965436829109211
1027,0.48772934010390945
1028,0.32925278940998576
1029,0.26880559673885
1030,0.5492119329018267
1031,0.004239718928004161
1032,0.09133862742017577
1033,0.3616424831558134
1034,0.49788077901762395
1035,0.5579023241545404
1036,0.27160737519460526
1037,0.6748943943169691
1038,0.1585642037546982
1039,0.6222468907443169
1040,0.04346095274164529
1041,0.45898155619189585
1042,0.29731018283031635
1043,0.9255017383748109
1044,0.8130078061210447
1045,0.42976886863181574
1046,0.6085653044466679
1047,0.49958919684004804
1048,0.16472264002727266
1049,0.12778431759719527
1050,0.23432884853561098
1051,0.18368528478697674
1052,0.3780794312877598
1053,0.700458805379171
1054,0.28215781345266006
1055,0.6733487184839267
1056,0.2890048015412538
1057,0.3367814762461808
1058,0.013453052988902607
1059,0.4698204941048479
1060,0.005601383796322858
1061,0.5760335986845418
1062,0.4268861277311415
1063,0.08969070231684158
1064,0.10936628351566739
1065,0.3786694930659066
1066,0.4556568418285518
1067,0.11063688396497973
1068,0.49394835430784206
1069,0.32940706923965335
1070,0.4844240793541807
1071,0.49883376846906985
1072,0.6786676628656942
1073,0.3753668928903796
1074,0.13155888368967364
1075,0.21877033037657376
1076,0.3823507773866745
1077,0.2779494923900943
1078,0.20156021691070922
1079,0.13243815710454643
1080,0.17876535518375314
1081,0.3426788427631736
1082,0.39063135188299913
1083,0.5000248850075326
1084,0.7552904693292694
1085,0.20140679396015485
1086,0.38545167838153027
1087,0.14420219167824308
1088,0.003439718928004162
1089,0.16410046952170715
1090,0.24566956097382428
1091,0.5103765749644201
1092,0.20200158008491825
1093,0.5296724392608798
1094,0.565903709127091
1095,0.7330979585407199
1096,0.30217342444302414
1097,0.4558043063056754
1098,0.46273446550040864
1099,0.4406363010868488
1100,0.32530198149653006
1101,0.08048243012687444
1102,0.03842285799107643
1103,0.16102426987279936
1104,0.09700600872706275
1105,0.46130039649621857
1106,0.024611125788765346
1107,0.45381143781254896
1108,0.042748934989769095
1109,0.20951533708864672
1110,0.4086628761642945
1111,0.4150566485199092
1112,0.41768888724204567
1113,0.6062677995286975
1114,0.514478648416241
1115,0.41588066012798697
1116,0.0015016447640192885
1117,0.6198342008550972
1118,0.4338168823809254
1119,0.3595913131971709
1120,0.6151001143890953
1121,0.30413532590847636
1122,0.18354264678778962
1123,0.6318473761498101
1124,0.30239727397425825
1125,0.23949187730789565
1126,0.3644033830259968
1127,0.52048679623469
1128,0.3597363279737002
1129,0.5735506040888213
1130,0.042389778115885846
1131,0.34445915839429236
1132,0.7900338420827159
1133,0.6811125829297319
1134,0.4897807958983506
1135,0.24752010497795962
1136,0.3502790464858246
1137,0.40485801532971755
1138,0.37089442624772895
1139,0.5546266400106011
1140,0.8932716361379629
1141,0.4608941207676119
1142,0.4601763753496645
1143,0.1611963642358562
1144,0.404144276879186
1145,0.4434922561055198
1146,0.5500107295112834
1147,0.21343225449671557
1148,0.5679367425470122
1149,0.5236457291781225
1150,0.18159465643811468
1151,0.016428504135958442
1152,0.503651769819904
1153,0.5752971789680327
1154,0.2042095604082329
1155,0.32227085247355125
1156,0.4412187622993831
1157,0.2516050873925533
1158,0.38529621401359687
1159,0.2890277952326102
1160,0.26110635392494125
1161,0.18029000418002575
1162,0.45235918844338224
1163,0.132307769383444
1164,0.1542748081581733
1165,0.5655828106994231
1166,0.5664506697799836
1167,0.3290849883390835
1168,0.4617682258509323
1169,0.3068133102469894
1170,0.05825896112855264
1171,0.3397794595468086
1172,0.8233890096106711
1173,0.6409089884766193
1174,0.30739272501181497
1175,0.07569322963564541
1176,0.563257547606727
1177,0.5615432291386626
1178,0.5537530034108175
1179,0.5863436127190672
1180,0.21199897851296862
1181,0.3933516731727233
1182,0.4305110509003562
1183,0.4691641863071084
1184,0.004702466525006673
1185,0.195672260248693
1186,0.49127389493767976
1187,0.5138751298537381
1188,0.5479454913218069
1189,0.5021843049750426
1190,0.3471168506573577
1191,0.21081629981717467
1192,0.43613299343802997
1193,0.32347305666014264
1194,0.39446149246718165
1195,0.15921991987588843
1196,0.68897991081211
1197,0.9495891093156243
1198,0.47010162645161324
1199,0.5087720453137878
1200,0.5202653590816744
1201,0.4541472157548289
1202,0.44902647127660417
1203,0.4751182691669629
1204,0.40826628179750724
1205,0.41838357385358904
1206,0.15918499644421683
1207,0.5865233860620888
1208,0.4521548110087971
1209,0.36376869277302454
1210,0.3113089432848442
1211,0.6916974194294884
1212,0.3514315624700482
1213,0.6578069023579365
1214,0.31524801533386854
1215,0.19048239325859379
1216,0.34046336373232094
1217,0.4073834885005291
1218,0.16775889481307857
1219,0.5220699757104657
1220,0.5072646155178065
1221,0.3861170662239145
1222,0.5815024657865374
1223,0.19318540546303323
1224,0.47705449230424807
1225,0.9164464683353138
1226,0.06039959585346634
1227,0.5131624800271998
1228,0.5543476686889519
1229,0.36313324842121814
1230,0.2644122908268394
1231,0.8557847643597577
1232,0.5132879244338167
1233,0.0037424698095345583
1234,0.32452781494221655
1235,0.9734619997498551
1236,0.43573248172997603
1237,0.5381331216532942
1238,0.4208467961232161
1239,0.5366130399662025
1240,0.517415351224333
1241,0.30116630695909163
1242,0.7914170416860296
1243,0.0033235761466294334
1244,0.6182030455975916
1245,0.5834618026538333
1246,0.0015736810330025516
1247,0.41210854299018623
1248,0.2542884312721763
1249,0.5393247078357665
1250,0.34083203231141274
1251,0.5761721356603597
1252,0.4324875377658104
1253,0.2594959778495124
1254,0.3420578688147382
1255,0.29766116213790933
1256,0.8733644006352766
1257,0.4046094076191365
1258,0.14191799357996968
1259,0.1915278779966246
1260,0.5084160997705967
1261,0.1767848854130992
1262,0.36769078069039685
1263,0.009659570531198878
1264,0.5749612138974988
1265,0.3304816470936894
1266,0.3231075791355789
1267,0.5640069606720061
1268,0.6344195222084684
1269,0.5681651907314881
1270,0.47392963301397184
1271,0.6673499106536904
1272,0.0019821838028807478
1273,0.540703835052359
1274,0.37879228107637714
1275,0.526248760044925
1276,0.004239718928004161
1277,0.4258244562540083
1278,0.4645507961559678
1279,0.7229234632926433
1280,0.01344623578029115
1281,0.5103444774697273
1282,0.5359284265359954
1283,0.2318437871185555
1284,0.4299948209080126
1285,0.5432708214616774
1286,0.3979925428527604
1287,0.6333546108993231
1288,0.44485025429918273
1289,0.3143120006070967
1290,0.45697968010117235
1291,0.34548287845387665
1292,0.3838394383982694
1293,0.5354982103624775
1294,0.32804752000361165
1295,0.23985107551424795
1296,0.8836844320965807
1297,0.0869774061052803
1298,0.3213452833878034
1299,0.23059136945355663
1300,0.4477810540278011
1301,0.32928317907280236
1302,0.7165686560299138
1303,0.696705775980684
1304,0.5220126537399072
1305,0.36801533761373606
1306,0.6366523789485308
1307,0.44925496206036053
1308,0.48434271734861073
1309,0.3616821443761501
1310,0.2534099783209901
1311,0.25418324227164896
1312,0.003439718928004162
1313,0.8763606755764038
1314,0.7004540128379864
1315,0.4999661669644339
1316,0.5725757557181959
1317,0.30145587592616624
1318,0.3668255191648252
1319,0.5265120747779983
1320,0.5670721965258084
1321,0.4853373315767083
1322,0.6962826761568354
1323,0.43609067469825985
1324,0.2958819550824889
1325,0.20767689302429243
1326,0.5266570866101264
1327,0.2851337134288582
1328,0.12338216793980772
1329,0.2606766424322439
1330,0.8419109984717319
1331,0.471412104490117
1332,0.41983089643261207
1333,0.0033615174285821768
1334,0.376888544235975
1335,0.35551005161013005
1336,0.3376509498233987
1337,0.39468065486100157
1338,0.33519541951027804
1339,0.3940132042790871
1340,0.6240329022628927
1341,0.4838479882129288
1342,0.4837950819643055
1343,0.31940580721929923
1344,0.4421436885649313
1345,0.5510725122036165
1346,0.3120270751309252
1347,0.6618809883947583
1348,0.3870613185441542
1349,0.1898915103812877
1350,0.43536697600979435
1351,0.22394619367177143
1352,0.9021799169833665
1353,0.49493737985849057
1354,0.6284778374453616
1355,0.3456826750884029
1356,0.409003709807797
1357,0.10903559130525514
1358,0.6970787945597658
1359,0.9100140335432984
1360,0.1865282488961956
1361,0.8352657785950616
1362,0.1660492397438627
1363,0.33708285446533637
1364,0.11450787858330382
1365,0.43857888788132465
1366,0.34178049362596635
1367,0.24794710067319703
1368,0.42986910115295907
1369,0.5548908565720254
1370,0.4865617810750257
1371,0.32185294545750576
1372,0.3719200741351177
1373,0.6243006244052363
1374,0.04206831221418887
1375,0.6347922366566853
1376,0.4232140602566286
1377,0.16410533148594378
1378,0.4548907123611495
1379,0.2715278402258856
1380,0.3398797389300092
1381,0.4133405934690959
1382,0.48340583179186686
1383,0.5298122784112882
1384,0.5115873572488592
1385,0.3425437522242343
1386,0.3234872415289683
1387,0.35873887906494284
1388,0.8105733781426476
1389,0.32530497377732653
1390,0.0025963117154125756
1391,0.8894138356061899
1392,0.5350884908500935
1393,0.4475087131144427
1394,0.17838459387525218
1395,0.3307777707749173
1396,0.870927471026885
1397,0.24602810106906153
1398,0.042039089676376214
1399,0.7069377698540841
1400,0.439875141456787
1401,0.3828183378284798
1402,0.34558980532318007
1403,0.217589001315702
1404,0.655791141674375
1405,0.5917271610896764
1406,0.23618686579412496
1407,0.5372292138014445
1408,0.25257580285956954
1409,0.3407418594422258
1410,0.12720932772589988
1411,0.5343881871651215
1412,0.44763506035538153
1413,0.5137604821512702
1414,0.17691359127070205
1415,0.43163236311114767
1416,0.3445123718595375
1417,0.5686111469694778
1418,0.27820476202376576
1419,0.3273345877743177
1420,0.4894985822405927
1421,0.21169460922330458
1422,0.06959033692685046
1423,0.0015016447640192885
1424,0.913709686841408
1425,0.33937175022332616
1426,0.37434030710428884
1427,0.37091805480378204
1428,0.3434107237136518
1429,0.40281516018705554
1430,0.8625842867249206
1431,0.4423161981938728
1432,0.7948424412717788
1433,0.946503382577052
1434,0.37811855256264504
1435,0.027956403720022536
1436,0.5163919305120305
1437,0.13033786164956992
1438,0.5239711030025856
1439,0.6857689080859725
1440,0.5165148714012979
1441,0.3449095053108941
1442,0.39202377558973606
1443,0.20038819948391776
1444,0.38440455844235977
1445,0.4069001239441125
1446,0.1731811887560227
1447,0.13732359170251152
1448,0.4262689558515493
1449,0.13450936737273356
1450,0.6999875965305921
1451,0.48918275254774574
1452,0.001756656146124724
1453,0.5230172302482731
1454,0.3787545395659488
1455,0.5032159723446207
1456,0.4693679116159821
1457,0.06402598590088743
1458,0.9046693486983041
1459,0.37597803565823507
1460,0.0016327923050028948
1461,0.417199461812802
1462,0.10229174254502586
1463,0.6057075254886273
1464,0.6984667670244359
1465,0.3597683505010962
1466,0.20913383836032035
1467,0.6106429902882723
1468,0.6026927157608588
1469,0.48193101747359873
1470,0.2889164831010285
1471,0.19776466799255052
1472,0.9149893744087665
1473,0.792143626784174
1474,0.5188728483094442
1475,0.395712408491034
1476,0.12297409503712399
1477,0.4379508891461921
1478,0.5532677291246585
1479,0.4721192625171792
1480,0.08615197438341894
1481,0.1020738971256684
1482,0.10418512965475994
1483,0.12780318229895885
1484,0.3945610947210982
1485,0.4317096459163248
1486,0.3673368464002352
1487,0.34829046359309235
1488,0.4060545565929998
1489,0.3705571962543337
1490,0.8901317582570986
1491,0.28952222868687805
1492,0.43399369203294164
1493,0.1856889381795958
1494,0.5524260145085498
1495,0.481338255708702
1496,0.33808357595706406
1497,0.49577072637707414
1498,0.3968480409075803
1499,0.5091249983418097
1500,0.44798569882532613
1501,0.898493902423752
1502,0.28717809132881367
1503,0.352599852071155
1504,0.2866953977771371
1505,0.13785354912274267
1506,0.28314347661904987
1507,0.3556057753041739
1508,0.14109972683726826
1509,0.7844113702239928
1510,0.552294384604126
1511,0.379603858802473
1512,0.30042642214874243
1513,0.3952679363886434
1514,0.4586274581536281
1515,0.3999490761624146
1516,0.28907412899299095
1517,0.3287939870998893
1518,0.501943602427647
1519,0.3999708184941803
1520,0.20321697643917208
1521,0.4975321954018618
1522,0.592501667632975
1523,0.26911275877356733
1524,0.3836469648279737
1525,0.7848215733936521
1526,0.47579371397552345
1527,0.5410569162891203
1528,0.004239718928004161
1529,0.02010229016443348
1530,0.3323381323735124
1531,0.6616125281276378
1532,0.5554315878858991
1533,0.2290708079773937
1534,0.6004955188433556
1535,0.6475906923301523
1536,0.32913539863382374
1537,0.3236621008514419
1538,0.816251190580095
1539,0.5325403161119393
1540,0.3747334472936099
1541,0.23796158048201843
1542,0.37691021742604147
1543,0.4135528000831056
1544,0.31953592260844416
1545,0.5689473799331302
1546,0.5848363780294215
1547,0.07218853834896541
1548,0.15734334404961828
1549,0.3981765175865898
1550,0.5980302739177699
1551,0.5558684205970854
1552,0.5454106325552796
1553,0.23469593542127515
1554,0.9295302944979247
1555,0.4761471701437193
1556,0.2734967596817886
1557,0.05650806504451479
1558,0.39942032166990465
1559,0.5486756306069029
1560,0.008031214586620814
1561,0.2825510558545885
1562,0.09170102365272483
1563,0.0430926509637155
1564,0.46755438053393905
1565,0.4118310424220548
1566,0.4516945280639287
1567,0.4048353864998873
1568,0.2013152112930995
1569,0.24212071060571105
1570,0.2941917643013704
1571,0.9286396973103304
1572,0.14919751956810362
1573,0.5555450166344739
1574,0.5625524800691237
1575,0.6873003792538342
1576,0.4659299209123206
1577,0.24568333246941304
1578,0.2972353902333458
1579,0.5669582547416807
1580,0.7218434736457136
1581,0.6795559373743562
1582,0.4983090164082578
1583,0.10494194705349476
1584,0.4115661690143694
1585,0.3140553545406632
1586,0.10912524203138661
1587,0.0064517943813579125
1588,0.7817136742612546
1589,0.30897745720263675
1590,0.44143708952175525
1591,0.5124668287775013
1592,0.19367266663390514
1593,0.5192062534729721
1594,0.3211819370472432
1595,0.40466249890820205
1596,0.16852083292458558
1597,0.6328163532278792
1598,0.5984629055108669
1599,0.6564090502914779
1600,0.22493582069162377
1601,0.3868764026651543
1602,0.5567510996681325
1603,0.4210170421240393
1604,0.2929184303925313
1605,0.26835963274428754
1606,0.449636381845341
1607,0.19597675480886184
1608,0.5230947635022415
1609,0.6378320210549847
1610,0.37703747885754246
1611,0.07060391102801282
1612,0.48683964935515744
1613,0.4722582962900207
1614,0.3628018481210314
1615,0.1456651821404398
1616,0.48516810996490944
1617,0.47707889917674473
1618,0.4047694141992395
1619,0.21472640192335732
1620,0.1295756780597215
1621,0.4437825923262586
1622,0.43275246235564707
1623,0.4093828916509266
1624,0.1922943775413785
1625,0.6156165217894735
1626,0.5678768848230278
1627,0.22768256502507422
1628,0.23174922254086178
1629,0.32219116627500405
1630,0.4366622016899944
1631,0.013887924354989102
1632,0.08552403765362475
1633,0.5338701636485866
1634,0.6206592385720987
1635,0.9076905894569384
1636,0.9661857955552622
1637,0.18931030120771983
1638,0.34786374587348556
1639,0.4511889512333119
1640,0.4053261566144314
1641,0.6027867644774039
1642,0.3169604246258811
1643,0.09216845202132175
1644,0.16711213654903778
1645,0.47195601582913244
1646,0.4882702563683882
1647,0.44824135555244216
1648,0.1199975375346405
1649,0.4199700524940921
1650,0.8868281490287886
1651,0.19964902849047614
1652,0.5106227882715514
1653,0.1382783405141221
1654,0.4323932683820378
1655,0.12351037514655432
1656,0.4716435701751529
1657,0.3438881743059152
1658,0.6303365104678886
1659,0.664578865542518
1660,0.359788695005973
1661,0.31753124987746423
1662,0.5158232287386034
1663,0.1671766978873757
1664,0.22539663467404392
1665,0.5857064020840282
1666,0.6959732855071548
1667,0.22165204467364985
1668,0.46456314740601296
1669,0.27481598617726966
1670,0.719957636277794
1671,0.3118513015625387
1672,0.00292022958925373
1673,0.2936455118902042
1674,0.10780110406636932
1675,0.4372910566329521
1676,0.38690020956444465
1677,0.6670402788234987
1678,0.23811467503108757
1679,0.16394336358823317
1680,0.41716445000430863
1681,0.8571997575586888
1682,0.5297677334383029
1683,0.3678643697055222
1684,0.37553697278342274
1685,0.3568042588031131
1686,0.5348887679579784
1687,0.2986484671970489
1688,0.3154852089028331
1689,0.0039029752355567303
1690,0.7154478803368879
1691,0.6193270663935265
1692,0.4785584870061425
1693,0.6911391965980495
1694,0.6365655663066745
1695,0.4292852622811804
1696,0.621821645359295
1697,0.39421670798719305
1698,0.6642917680993404
1699,0.6821919520751016
1700,0.48815307433711
1701,0.4215883660111251
1702,0.263961111800429
1703,0.19084127469006737
1704,0.5405405058612018
1705,0.3983138950701418
1706,0.32499559484480656
1707,0.4987807107117934
1708,0.4062835559371883
1709,0.10743493739349491
1710,0.7089464123029093
1711,0.44569152284402946
1712,0.4204759234048292
1713,0.22603638821808472
1714,0.8536802637910836
1715,0.4381969820049029
1716,0.6938235843654288
1717,0.507812283918045
1718,0.8591912591848337
1719,0.35600778928887483
1720,0.3058950679697909
1721,0.5692548510724754
1722,0.7129389372805146
1723,0.3318620176637194
1724,0.4495353347150494
1725,0.002656909479962767
1726,0.6947557303769877
1727,0.5299832841215645
1728,0.28790471727624695
1729,0.500376682797746
1730,0.7017000775864909
1731,0.41138531171156045
1732,0.8822395996494851
1733,0.40390199766894347
1734,0.362924424473706
1735,0.02104270593171649
1736,0.7704928000649204
1737,0.45240259853603937
1738,0.3048385450824491
1739,0.14551672262540594
1740,0.26489198387495605
1741,0.5789266485413362
1742,0.36606857769785794
1743,0.19922184811564028
1744,0.42122627320367956
1745,0.35850707000164317
1746,0.6399546417053658
1747,0.40613559828446694
1748,0.5605716569661963
1749,0.608705121215546
1750,0.4612791382751292
1751,0.009539623872828869
1752,0.7923117358593444
1753,0.32920253820250833
1754,0.5915343963924297
1755,0.4229236908345186
1756,0.3365333592722738
1757,0.32345212306223425
1758,0.36445101621940956
1759,0.5642659131411887
1760,0.35469818756819993
1761,0.2501735894911064
1762,0.4950864745809217
1763,0.5695592886039577
1764,0.5020071152948531
1765,0.25244870208331044
1766,0.5553674687253556
1767,0.4033584956967223
1768,0.0037424698095345583
1769,0.17362713581353326
1770,0.34299029202791836
1771,0.4263491548790978
1772,0.20666099015306288
1773,0.34590826795606444
1774,0.0060472317142964615
1775,0.3655475102249205
1776,0.7446028724848927
1777,0.22574437502741332
1778,0.7779976966626908
1779,0.4643739534252731
1780,0.5239173545351791
1781,0.18247655803048846
1782,0.10166540208103247
1783,0.21753680813852855
1784,0.9245151894984236
1785,0.1951629525372609
1786,0.2569827144481714
1787,0.7140749998904223
1788,0.26618880714106097
1789,0.26271659482895027
1790,0.6725122126943044
1791,0.5567374402916327
1792,0.8267560638213585
1793,0.4999927570814817
1794,0.3429725003091195
1795,0.5366668964789848
1796,0.5799135565266492
1797,0.7676686282611289
1798,0.11004006152080092
1799,0.3679764665487062
1800,0.7848935505664982
1801,0.5393618839803057
1802,0.6511988419396596
1803,0.2626806460148416
1804,0.29107451918751076
1805,0.5115588482792256
1806,0.7290558475406205
1807,0.2156708618040945
1808,0.4088062129052244
1809,0.4746816220459313
1810,0.5663506691327226
1811,0.42328628595215095
1812,0.5042753248414282
1813,0.26363361496987775
1814,0.7767326698531758
1815,0.1405062841903199
1816,0.21285145500682173
1817,0.47155819497204254
1818,0.20307182564328624
1819,0.0018161926409267332
1820,0.5692916487595217
1821,0.38862268192580113
1822,0.003444850761915511
1823,0.4214953033403969
1824,0.4518617299357486
1825,0.7941509605132494
1826,0.13235328865184226
1827,0.48670497852173333
1828,0.5990593690581931
1829,0.529308384271616
1830,0.5277900390817697
1831,0.38898906679459616
1832,0.4326886964507807
1833,0.4197683186419646
1834,0.16128000998833392
1835,0.6911117905569434
1836,0.3955129175311254
1837,0.2536856183613298
1838,0.6272448508694256
1839,0.23294147580542565
1840,0.4552334285115349
1841,0.5123802045534885
1842,0.2537986339443516
1843,0.11805233708141369
1844,0.4305436384213566
1845,0.6288576706109379
1846,0.8585633818484809
1847,0.41685387577115063
1848,0.35290339662719966
1849,0.5633335048321837
1850,0.35702002744557937
1851,0.4909013753322372
1852,0.4165828355242956
1853,0.2702387031353424
1854,0.4560660949340517
1855,0.5982028008647786
1856,0.384236515223055
1857,0.43984968393483265
1858,0.35679237116975865
1859,0.265136934865446
1860,0.34421243476198987
1861,0.37484154096527866
1862,0.002095262408368594
1863,0.37086807713140646
1864,0.42346774730668374
1865,0.0033615174285821768
1866,0.43170551276083174
1867,0.11395268995735962
1868,0.547999443356016
1869,0.5813326902606355
1870,0.9250627663447188
1871,0.3001257317526436
1872,0.5206855196688114
1873,0.2761319822887119
1874,0.5319822444868264
1875,0.4713033459453583
1876,0.3117220305619515
1877,0.13164405824278463
1878,0.10352536590664084
1879,0.5659080275482512
1880,0.4912328385760273
1881,0.0032067813159513277
1882,0.5403432007638794
1883,0.3789212819687782
1884,0.10067624900015776
1885,0.35451135173300957
1886,0.781954201512551
1887,0.5774653005904722
1888,0.15289427979458242
1889,0.5067744510488904
1890,0.31420257348248337
1891,0.048847077383602076
1892,0.1820202099595429
1893,0.3829934263990355
1894,0.2814177806203142
1895,0.6123052446816446
1896,0.4642700978973523
1897,0.6156845113212693
1898,0.5718664647564344
1899,0.48143415573650283
1900,0.3775900026421072
1901,0.6579709303996761
1902,0.5357455767088698
1903,0.29936130731737215
1904,0.7767966786319731
1905,0.3564232705975342
1906,0.0052804369241714255
1907,0.5264238953955253
1908,0.2231800703471261
1909,0.349796686327214
1910,0.555485783122108
1911,0.4767345372745769
1912,0.410538193093416
1913,0.38435533686074075
1914,0.2093686985965012
1915,0.5036867911190216
1916,0.3268589467496988
1917,0.26741342153394826
1918,0.8551567201653457
1919,0.14321566968999466
1920,0.46365232792548394
1921,0.8496160435912333
1922,0.4726382575841965
1923,0.42885948671756535
1924,0.9456492754157211
1925,0.8293893395097791
1926,0.493162780497551
1927,0.44793292771854015
1928,0.5105126266011337
1929,0.6768529243124187
1930,0.07708369106189457
1931,0.2261375329027101
1932,0.19263180885614054
1933,0.4686365702155066
1934,0.5187567625190304
1935,0.34241839602470386
1936,0.3045991685268804
1937,0.5682781644380424
1938,0.4753308681824543
1939,0.1437762379268839
1940,0.003444850761915511
1941,0.9321430522210268
1942,0.2042698414495187
1943,0.3461493793692953
1944,0.670889362589186
1945,0.41263037561889543
1946,0.13038645448809827
1947,0.6461518454057197
1948,0.5516298187671769
1949,0.5175421406257013
1950,0.5474505354538725
1951,0.37193029534401756
1952,0.48421249614699396
1953,0.2457809122006529
1954,0.37026667796540064
1955,0.19380869793301067
1956,0.40242051255868544
1957,0.6077245864991478
1958,0.2574568849831364
1959,0.3924442070493742
1960,0.3099005219521752
1961,0.34434766678733464
1962,0.09579276688453839
1963,0.3803872870483062
1964,0.5635763396354336
1965,0.39579198354405554
1966,0.0017728853360326692
1967,0.6300244318977642
1968,0.34314062327237665
1969,0.19141621587114788
1970,0.011167338703188322
1971,0.003444850761915511
1972,0.4983029389592415
1973,0.19301348402626659
1974,0.3555254935382839
1975,0.4016746131665509
1976,0.5861017448674327
1977,0.4361646126136421
1978,0.542534218180019
1979,0.6494981342265567
1980,0.642745027695152
1981,0.45624725982053244
1982,0.3730854246251343
1983,0.6369582489502691
1984,0.5189129706257991
1985,0.13742300192666737
1986,0.5474174967668848
1987,0.20127040015976483
1988,0.3195645933679585
1989,0.5114031392847675
1990,0.4540665434221307
1991,0.36806802081139806
1992,0.4397356801163914
1993,0.3806769582350121
1994,0.39284633807358327
1995,0.23087397708117255
1996,0.290110466631816
1997,0.35192488993925836
1998,0.6422359413564644
1999,0.3832940609127236
2000,0.3667728771613861
2001,0.20230395690108802
2002,0.50922683421322
2003,0.2152332317970809
2004,0.2757123339416801
2005,0.6089961713047953
2006,0.8164109456353807
2007,0.49805614104451496
2008,0.23290577047590796
2009,0.022493632069266533
2010,0.6234831894872402
2011,0.7054724779676406
2012,0.19120852939051772
2013,0.3695514668071435
2014,0.49376490018019353
2015,0.4205850119702954
2016,0.6588707021842596
2017,0.33752487503068024
2018,0.565364380195762
2019,0.35456954989423584
2020,0.003444850761915511
2021,0.5231384675269202
2022,0.10163654497281961
2023,0.6742468788396377
2024,0.5715945383197149
2025,0.42653662054330727
2026,0.13344523576768122
2027,0.7787114754776703
2028,0.3964173421564368
2029,0.7276835950182016
2030,0.338019348729721
2031,0.5532250153140461
2032,0.47985403252339115
2033,0.44691640238373964
2034,0.4292763394420608
2035,0.40559816121579434
2036,0.3004162767706964
2037,0.9535256436250006
2038,0.5181273464093791
2039,0.6139193362470535
2040,0.5830916682609635
2041,0.09947694742897968
2042,0.5880168314317419
2043,0.27896243750354954
2044,0.6429343816398007
2045,0.4639839678090622
2046,0.3640126725861368
2047,0.4344940545975535
2048,0.8191178796996469
2049,0.338222462211859
2050,0.4164100082049613
2051,0.21800037290937924
2052,0.0015210671736936461
2053,0.10860480908519424
2054,0.003439718928004162
2055,0.4216776715268215
2056,0.5299136455963561
2057,0.25654020077726014
2058,0.2600414248899107
2059,0.002656909479962767
2060,0.3998761936551578
2061,0.051396001623361005
2062,0.3874309189572601
2063,0.462525757281797
2064,0.37015444806720826
2065,0.5064991720375412
2066,0.4995239863027085
2067,0.6084218892011829
2068,0.0036566899336855315
2069,0.5342787740371049
2070,0.3898860619013541
2071,0.39709529795449866
2072,0.9111663070797135
2073,0.4476396939139472
2074,0.3541980584698817
2075,0.0033615174285821768
2076,0.35663340630177764
2077,0.4422722587539634
2078,0.2871509508150785
2079,0.3828931823678133
2080,0.1947608249584327
2081,0.25231132355828007
2082,0.3859964660356736
2083,0.0025963117154125756
2084,0.5391053324264491
2085,0.8139851562480868
2086,0.24448308070218674
2087,0.04060799205815254
2088,0.3298133579303281
2089,0.07885610317019556
2090,0.48706799843784965
2091,0.6343454476059439
2092,0.4200568987109874
2093,0.43572337527483945
2094,0.038664615554131254
2095,0.3392902543269415
2096,0.30336128920095035
2097,0.002880702335293043
2098,0.10926945864243806
2099,0.3429669928952764
2100,0.37578663917096106
2101,0.5409553979851726
2102,0.6589115943215605
2103,0.387966904765054
2104,0.5452046357636574
2105,0.8259016361855289
2106,0.16178642303640667
2107,0.4415588574004908
2108,0.3671504081542438
2109,0.33011445369916553
2110,0.6108710992139527
2111,0.4698759689422336
2112,0.2676848568884003
2113,0.3586948188500624
2114,0.38965845412782146
2115,0.5299761838162644
2116,0.2479129148596025
2117,0.5581226644899562
2118,0.39235194960214886
2119,0.29528512385520506
2120,0.3646284624342297
2121,0.34983650199511374
2122,0.24977800977791492
2123,0.42311234753958377
2124,0.5728312141010007
2125,0.4195315473876428
2126,0.6876365848674884
2127,0.19123900022409943
2128,0.5397738084180551
2129,0.34641432110687176
2130,0.9768739244067278
2131,0.5478307112063601
2132,0.44035590406436115
2133,0.24103891954962084
2134,0.2859661254103613
2135,0.24942743990772467
2136,0.5383701305129789
2137,0.3972755802236134
2138,0.49150494034308984
2139,0.6201343442422111
2140,0.4100006640690117
2141,0.36868997251237
2142,0.08537910326626309
2143,0.2625172232470297
2144,0.11694670868181248
2145,0.9373645909263428
2146,0.5309942803733964
2147,0.1882929294118292
2148,0.39551391232234073
2149,0.2526816265564057
2150,0.19274246114911722
2151,0.5548758839850815
2152,0.4322958073808182
2153,0.39577481096238243
2154,0.4928668915454358
2155,0.5201622512670109
2156,0.16563733560572275
2157,0.47370598397555236
2158,0.29075286595377
2159,0.5664489336533364
2160,0.3897697915338789
2161,0.6024438844862131
2162,0.38275893068781386
2163,0.36975666289733305
2164,0.20964316400421404
2165,0.451987337025809
2166,0.09323260509000657
2167,0.3676169227213291
2168,0.22744724217056395
2169,0.39283100616694233
2170,0.12203230148660761
2171,0.010603781441006285
2172,0.4637493025754081
2173,0.49480242001376307
2174,0.41172840325203225
2175,0.27634552385983363
2176,0.19062918290655434
2177,0.8173289305185162
2178,0.1767113328524571
2179,0.09867848439390049
2180,0.49922926157360165
2181,0.009284013443412306
2182,0.2977715472436581
2183,0.48140725824662134
2184,0.48729112958338694
2185,0.3930544038170661
2186,0.22463274049730825
2187,0.566732731823667
2188,0.0032067813159513277
2189,0.21895055846531547
2190,0.6516501264143203
2191,0.0016327923050028948
2192,0.5482726897507008
2193,0.6569687528450481
2194,0.3878765909360664
2195,0.41399494270236664
2196,0.6363204903466773
2197,0.9635237274018367
2198,0.2475673156962334
2199,0.49727553357647875
2200,0.5826335123810633
2201,0.6194861046670892
2202,0.39487173212454557
2203,0.09480770780607907
2204,0.4238827251672729
2205,0.19031312235710976
2206,0.3620347561435252
2207,0.6588479551098185
2208,0.3926036076828638
2209,0.26274240405786775
2210,0.09667529584693547
2211,0.36506012645811015
2212,0.16145770615635818
2213,0.18808908018054388
2214,0.41547111697482836
2215,0.2627706500425945
2216,0.5759187772771935
2217,0.3316218774502655
2218,0.5580175383715412
2219,0.5180833810581225
2220,0.29899750392556107
2221,0.3387946919386259
2222,0.6256367751463077
2223,0.1694874722744642
2224,0.3544664070262803
2225,0.27867519638172994
2226,0.30062201452409965
2227,0.45278568458553403
2228,0.4649176042702763
2229,0.34858413691475343
2230,0.2457483399247759
2231,0.7567462641384294
2232,0.40064517864768007
2233,0.4131294351484696
2234,0.48219822456295397
2235,0.5350816911367163
2236,0.3318840426104374
2237,0.3752782840635678
2238,0.5772043948437329
2239,0.27633970824739496
2240,0.41294336184731534
2241,0.3555219741612018
2242,0.2839404332780837
2243,0.8690934145231659
2244,0.8694328555430526
2245,0.35554623707901384
2246,0.2878017457869587
2247,0.4706566296399705
2248,0.4721695499879462
2249,0.26825466866599434
2250,0.3496791621739684
2251,0.6320707250810245
2252,0.3914473112024511
2253,0.39830353477778996
2254,0.4689132556423099
2255,0.15612413910349762
2256,0.1753827966354924
2257,0.620975477884242
2258,0.21569724800562315
2259,0.420244603873785
2260,0.25471791387964177
2261,0.35959980619566556
2262,0.5560769109618016
2263,0.32901329007179597
2264,0.5260760614572452
2265,0.19866354791313146
2266,0.621134547752704
2267,0.005048101779661187
2268,0.69755790011201
2269,0.257038592862844
2270,0.6580385600440845
2271,0.17221957578926983
2272,0.3714330661666434
2273,0.5581803500303388
2274,0.5315312466176909
2275,0.5826795440124259
2276,0.6514636021220219
2277,0.3428347395600474
2278,0.16980752233370144
2279,0.5299608137315664
2280,0.4822278474374881
2281,0.7543470421554059
2282,0.4924933876119732
2283,0.49435749574009136
2284,0.3500230508925374
2285,0.6782992720555568
2286,0.17985598712065015
2287,0.3828627266302031
2288,0.5316582978782087
2289,0.1104673791375334
2290,0.13479236949468246
2291,0.9458215936138928
2292,0.09885955902646328
2293,0.7857607649780819
2294,0.3288396834031869
2295,0.5810988126926147
2296,0.5039818490457464
2297,0.004211959703128205
2298,0.4672112082198642
2299,0.3548671803887335
2300,0.13433251540129465
2301,0.27126654991147575
2302,0.38749966411174047
2303,0.7287017306156961
2304,0.6877651715632501
2305,0.24023285962093033
2306,0.19041433076883582
2307,0.5360418276522838
2308,0.7182532283454466
2309,0.46585523331070405
2310,0.5399705461735359
2311,0.8200135332964138
2312,0.9396965495905251
2313,0.665704158931308
2314,0.31391948289150745
2315,0.9479854143603418
2316,0.2577003118014111
2317,0.33209254213731126
2318,0.8695760119289566
2319,0.3351079774360188
2320,0.6604167646791249
2321,0.2779091628980536
2322,0.4038082409943307
2323,0.5214854321218397
2324,0.44822164770857964
2325,0.4674181158433963
2326,0.524973082638678
2327,0.5078179105067033
2328,0.30278658478907833
2329,0.008156909479962768
2330,0.25421488829082967
2331,0.5779746235873863
2332,0.4707458907599637
2333,0.3089200099732545
2334,0.4416766290133594
2335,0.6368440795385881
2336,0.1129424970928238
2337,0.5115734522345233
2338,0.5311918551883232
2339,0.9085368637693891
2340,0.1371485496979216
2341,0.15252310106769496
2342,0.3359856125127279
2343,0.2716627413109181
2344,0.8539261487208548
2345,0.6114053597911604
2346,0.695747804061449
2347,0.5838019960294256
2348,0.21681954792111452
2349,0.014377817048994225
2350,0.8737874903218813
2351,0.3870147804113658
2352,0.45010193226282735
2353,0.22118913383154426
2354,0.456077161654843
2355,0.4290696367869024
2356,0.4754069616687937
2357,0.2961979218505053
2358,0.48765376126290694
2359,0.5076390100228642
2360,0.3554946937415087
2361,0.08444204575318047
2362,0.40480095682739253
2363,0.3478980953415389
2364,0.09934903605859363
2365,0.21322261150266733
2366,0.5134583038585923
2367,0.004451508435510908
2368,0.4532496661512421
2369,0.6008917033232222
2370,0.5309978250661411
2371,0.5257421130357318
2372,0.36584607648525236
2373,0.8454273360343523
2374,0.3241333799500907
2375,0.08959200925315033
2376,0.4685023007020576
2377,0.7381015783102094
2378,0.16290363482742048
2379,0.31802307155463044
2380,0.5998941810592894
2381,0.4942199666964809
2382,0.7615602343553419
2383,0.3191663876584563
2384,0.3589016054154797
2385,0.07219902909222616
2386,0.5365118100443036
2387,0.36305643201302185
2388,0.8037866969777199
2389,0.6249975512401983
2390,0.5263480357215785
2391,0.4539195326452869
2392,0.4361098286711066
2393,0.0033687246357893843
2394,0.37734214096781576
2395,0.5259529190219
2396,0.40915378374378336
2397,0.6102767887584154
2398,0.32347518724706315
2399,0.4234173928016466
2400,0.14807260932149743
2401,0.4498013291561908
2402,0.5284143453829518
2403,0.39182520704442353
2404,0.3274121119002631
2405,0.04602586800128322
2406,0.4589989265451543
2407,0.1936723110835808
2408,0.907941818164396
2409,0.41730063132501677
2410,0.5784905014291825
2411,0.5791464211100211
2412,0.2969304448104868
2413,0.6334041474904227
2414,0.7662386963455744
2415,0.3991786968284634
2416,0.31280050972127516
2417,0.37749305794039256
2418,0.5926748157259316
2419,0.4311584098583688
2420,0.19637979139831646
2421,0.4810132670943219
2422,0.5253205457484638
2423,0.47673515984623754
2424,0.8071234747719266
2425,0.34073263007611715
2426,0.8455709162601983
2427,0.4253591204311504
2428,0.6092486950434982
2429,0.6896664662227913
2430,0.14064819028458486
2431,0.5215925664484083
2432,0.40198750353469487
2433,0.8782416316263237
2434,0.47427207241654096
2435,0.3431306688946805
2436,0.20175729624963265
2437,0.30141418808045684
2438,0.0018161926409267332
2439,0.27136012991238245
2440,0.382962800923724
2441,0.9019196660886749
2442,0.8307938078798117
2443,0.12669169989403367
2444,0.16117100584594254
2445,0.2904327930790431
2446,0.6311961170228001
2447,0.17032411975008072
2448,0.5026826489234949
2449,0.3987065974641764
2450,0.36203750038050336
2451,0.18878033011429846
2452,0.031470456546991384
2453,0.21215038399194575
2454,0.24851122494271166
2455,0.12569488443126928
2456,0.12891827157442085
2457,0.672567666190802
2458,0.5386310486119145
2459,0.2034654951613946
2460,0.9090303096131518
2461,0.22465250679946136
2462,0.28730673786045985
2463,0.8890765453644593
2464,0.302953948182071
2465,0.35977698310127443
2466,0.004200655336064428
2467,0.5063961352464027
2468,0.7805276220138269
2469,0.30667412400834465
2470,0.35093551481892865
2471,0.5773036257860735
2472,0.0810505126534177
2473,0.5511247044171903
2474,0.3688489817945573
2475,0.010044912489851551
2476,0.13736072767144014
2477,0.2387766207974209
2478,0.4131258644757816
2479,0.0015016447640192885
2480,0.3144846126478219
2481,0.42707527824754954
2482,0.30063962536183014
2483,0.006153938747676108
2484,0.855825621969328
2485,0.5675187587064745
2486,0.3738176446783102
2487,0.5828962033509453
2488,0.3437283332281657
2489,0.3014641692759387
2490,0.20214984104307826
2491,0.39801198386550274
2492,0.39704719596775856
2493,0.41011710682500907
2494,0.4296338534470955
2495,0.6173257754116874
2496,0.5662274750544163
2497,0.4927546145340117
2498,0.4775793063858826
2499,0.5203481704563039
2500,0.6835455416469847
2501,0.5341524388333881
2502,0.5315519445374646
2503,0.31939522001006687
2504,0.37750680109839874
2505,0.9364137916993944
2506,0.33144518336255197
2507,0.1423786592579727
2508,0.39181651103231235
2509,0.47451001391257275
2510,0.6007819556636582
2511,0.010187563792027567
2512,0.4829754749959959
2513,0.9117144766406007
2514,0.5359818823941427
2515,0.43724372013536733
2516,0.34925222213625345
2517,0.022198767334577072
2518,0.9343380481304585
2519,0.453233738968534
2520,0.33253064789164427
2521,0.3996699311482686
2522,0.5561585500270877
2523,0.1330608913416374
2524,0.5029773784359727
2525,0.2560524723008129
2526,0.3085120818828457
2527,0.516574863291043
2528,0.3447207755122253
2529,0.7990407304078153
2530,0.2960783481750202
2531,0.006303312731413064
2532,0.5131716583092306
2533,0.5107785700077363
2534,0.2687687285512103
2535,0.003444850761915511
2536,0.7129109959782627
2537,0.5683523637853832
2538,0.49327811161983
2539,0.4764443341595225
2540,0.4017169075154282
2541,0.4726541528487886
2542,0.4381189350772632
2543,0.43267937546189184
2544,0.4171389895842359
2545,0.3728235181620644
2546,0.400297649650355
2547,0.5196124693374946
2548,0.5274404428589228
2549,0.45979584287568676
2550,0.0393764305539862
2551,0.44928698475213186
2552,0.28092236718757857
2553,0.43479941874784084
2554,0.6045551030990509
2555,0.0036566899336855315
2556,0.1075298782665248
2557,0.5111160219833606
2558,0.5039404988702223
2559,0.12051504162277513
2560,0.42843382365490656
2561,0.8726279654120068
2562,0.457384659778854
2563,0.5570174352836239
2564,0.4694062858355232
2565,0.3223437905155494
2566,0.6697381242697803
2567,0.24525296872829636
2568,0.47961241083439965
2569,0.4858959589664693
2570,0.2561793567809019
2571,0.08213724436497688
2572,0.04491047513971104
2573,0.3050623489595278
2574,0.7446303860879256
2575,0.4709280045427383
2576,0.520343317307854
2577,0.3899335691120367
2578,0.07842410231672045
2579,0.4715416754504457
2580,0.4688596341150297
2581,0.4469052109345425
2582,0.3982859295577711
2583,0.3186300311206985
2584,0.6059015127553283
2585,0.8929198365086825
2586,0.33175100272209335
2587,0.4855585216684517
2588,0.9517735155464283
2589,0.47280521281940896
2590,0.2824618302503499
2591,0.2555201435626311
2592,0.34078487014527903
2593,0.4024746508671491
2594,0.337209349267878
2595,0.5716087565877287
2596,0.8237268662733781
2597,0.2729199927351559
2598,0.35183738125212555
2599,0.442670671461042
2600,0.12794749107102105
2601,0.09184114689412409
2602,0.462212404661987
2603,0.5060408687155442
2604,0.6175388045808646
2605,0.0731515814485826
2606,0.48990869810078774
2607,0.5069782364841229
2608,0.18191319406523365
2609,0.4838892227110149
2610,0.2956527616322833
2611,0.28949875907566314
2612,0.3986131012623972
2613,0.19815451350971858
2614,0.574061386315302
2615,0.612856323003058
2616,0.478871219613616
2617,0.0060472317142964615
2618,0.8785294233137779
2619,0.43400714245885225
2620,0.2961894597559973
2621,0.5988094388283338
2622,0.5729432626283603
2623,0.4074612072281096
2624,0.3227158656110645
2625,0.4807535449141365
2626,0.21850956200534952
2627,0.5518825130156482
2628,0.3875629720524901
2629,0.4611823094857756
2630,0.5894407786384211
2631,0.43473441460434586
2632,0.33987592564082597
2633,0.6016476958339115
2634,0.46696041386284565
2635,0.03330266486090608
2636,0.24313874279024988
2637,0.6916410833868671
2638,0.0019821838028807478
2639,0.9581557481882446
2640,0.7365542537071056
2641,0.25535183230236014
2642,0.25546738037278893
2643,0.0016327923050028948
2644,0.4611085518754376
2645,0.411755880591091
2646,0.32001935639367346
2647,0.42288879697733084
2648,0.21099580274479435
2649,0.03521215466155148
2650,0.4680267609223716
2651,0.2263235854587411
2652,0.46808612648748515
2653,0.38327924732680363
2654,0.5799610917639604
2655,0.004607792305002895
2656,0.3843187365814669
2657,0.5022806762659825
2658,0.8279118577384411
2659,0.3328897392116726
2660,0.6217256481273686
2661,0.3522187458887744
2662,0.47609912513763114
2663,0.34986599088094766
2664,0.32430361249105416
2665,0.40440596645485444
2666,0.5224108103208277
2667,0.6017914206774212
2668,0.33244678021711777
2669,0.4438541450157281
2670,0.1402514249864068
2671,0.2872622877684429
2672,0.4268629039447233
2673,0.011679243465093084
2674,0.6083003309724829
2675,0.8915240063915532
2676,0.5962853753569846
2677,0.6093064512619489
2678,0.1828830662989467
2679,0.41412333404919827
2680,0.552616970742061
2681,0.31585007621497563
2682,0.2689787419616472
2683,0.3677668110464374
2684,0.5380874540201888
2685,0.913360802980195
2686,0.23139176380094206
2687,0.41446597648959693
2688,0.1608070465043812
2689,0.37688544748102004
2690,0.49541945896589973
2691,0.040483012602803646
2692,0.0050365651174994796
2693,0.4736279324725582
2694,0.492812875819338
2695,0.263891466379453
2696,0.4989761671782483
2697,0.5735221830146883
2698,0.3316260642923858
2699,0.019946064575704203
2700,0.3872206207322387
2701,0.2557020787703096
2702,0.5649601905113566
2703,0.2763922741988501
2704,0.25867475748826435
2705,0.4422122551762009
2706,0.26492540784238977
2707,0.41390639576791555
2708,0.42053164750228406
2709,0.013325923244997704
2710,0.37167773299400225
2711,0.7166649611899116
2712,0.10292183776363276
2713,0.5015236603580032
2714,0.39850444519940875
2715,0.4409475763882909
2716,0.5998060054332989
2717,0.6502543193271267
2718,0.5608523293356298
2719,0.7615124184360761
2720,0.7634170023642023
2721,0.5899599117595391
2722,0.4579548209645975
2723,0.6464332819374596
2724,0.4120603891305738
2725,0.4005779403880874
2726,0.4756458196702117
2727,0.3875707150589089
2728,0.4176185682826365
2729,0.25864752484416226
2730,0.40270727764390274
2731,0.024770195906005647
2732,0.39202037955747315
2733,0.8899204847191885
2734,0.4347018239293687
2735,0.3396082594470129
2736,0.21191977167588658
2737,0.021222750111899745
2738,0.26927314938133695
2739,0.27342476441421215
2740,0.3781141232216229
2741,0.1258574920384289
2742,0.37584132038604623
2743,0.34949970241042044
2744,0.4034296549560358
2745,0.42536477159273056
2746,0.5800523916812527
2747,0.16183872794383822
2748,0.20799057480018773
2749,0.4081315456982768
2750,0.2848039784085331
2751,0.5326877805983423
2752,0.8698833908637225
2753,0.3167878007233534
2754,0.3100483948254746
2755,0.5931276053128387
2756,0.2708899768805316
2757,0.3157499844519812
2758,0.0033687246357893843
2759,0.8104543033285483
2760,0.3063067169416186
2761,0.29581555148062355
2762,0.37452955329496007
2763,0.36545243273764694
2764,0.12086866500577698
2765,0.06235778462598684
2766,0.7939053162090269
2767,0.364514504626088
2768,0.6821210524394712
2769,0.29136189782840594
2770,0.2570179113716243
2771,0.5345643026548199
2772,0.446748675271028
2773,0.4429880531524326
2774,0.8599442983890229
2775,0.5299066974125383
2776,0.5792409156788487
2777,0.4374701275610572
2778,0.1596413205614353
2779,0.3163592479558828
2780,0.5336902380953743
2781,0.11120445212728554
2782,0.5121097831951811
2783,0.1972880347237363
2784,0.10823830296656975
2785,0.2924707446505959
2786,0.24211264814821512
2787,0.4899927643227114
2788,0.5261084890586571
2789,0.48226796790384463
2790,0.11693052071182586
2791,0.32090153879986677
2792,0.019837242459804668
2793,0.5534753164960813
2794,0.2602486363848911
2795,0.6982234313233439
2796,0.3412037651530852
2797,0.1592039695234512
2798,0.7253545561648136
2799,0.0356522098496994
2800,0.008771239204666362
2801,0.2642057497447362
2802,0.3654890762517262
2803,0.547007757072198
2804,0.9538555364870783
2805,0.0037424698095345583
2806,0.9440378423749319
2807,0.7750807018565508
2808,0.5290169803108107
2809,0.2710350687195581
2810,0.3112816065929893
2811,0.038928658412295314
2812,0.6301668169986328
2813,0.0018393526274100166
2814,0.49174589304500443
2815,0.6579040792041725
2816,0.47729783165437517
2817,0.6612712799302799
2818,0.27427509536314343
2819,0.34340221185228675
2820,0.13179638946888522
2821,0.4851986988679919
2822,0.22926018544168453
2823,0.37457419886481236
2824,0.38644196677124476
2825,0.48903559844704986
2826,0.18499391996386283
2827,0.0015210671736936461
2828,0.3926980678592388
2829,0.7523598996624768
2830,0.452062905270839
2831,0.17997548695855972
2832,0.8677467025992561
2833,0.4065119872692208
2834,0.17050441996390497
2835,0.2828583496275872
2836,0.49052853199251306
2837,0.7974485320352954
2838,0.4207673124035007
2839,0.3332007630235503
2840,0.40601653793588016
2841,0.25454852551383506
2842,0.9010490240238416
2843,0.7298203518578007
2844,0.3728954971153926
2845,0.5509633101049078
2846,0.003444850761915511
2847,0.0016327923050028948
2848,0.132188057006368
2849,0.35264549637018194
2850,0.10754892333028361
2851,0.494769204409577
2852,0.3498989133372032
2853,0.5913665347444536
2854,0.9049244115950115
2855,0.1611623236414258
2856,0.1359808455624174
2857,0.43279008905417937
2858,0.22564168169262672
2859,0.5204593373098997
2860,0.22244535695156878
2861,0.003444850761915511
2862,0.5696040404221723
2863,0.6162025674109252
2864,0.6962493682117825
2865,0.17131734722919778
2866,0.21499312974361054
2867,0.19198891588390254
2868,0.5121472486747352
2869,0.033136991869290006
2870,0.34720005175597046
2871,0.33526995025011114
2872,0.4067371865018332
2873,0.6204401358857122
2874,0.37579502096732803
2875,0.18060889461136678
2876,0.5716466585243932
2877,0.2987962460349925
2878,0.1507632478956274
2879,0.49730859319785586
2880,0.4713457271190517
2881,0.5365617159099482
2882,0.3556500630009495
2883,0.11007261510360239
2884,0.09387001356179016
2885,0.4306037508073445
2886,0.39371576942750675
2887,0.0016327923050028948
2888,0.5419092763472817
2889,0.4670832273013616
2890,0.8380652143850412
2891,0.6772039484206038
2892,0.3825520510274226
2893,0.2965062990130816
2894,0.6823602539684287
2895,0.3053645688052406
2896,0.15074361555173638
2897,0.43274431603646824
2898,0.33939769870877307
2899,0.7803926794067781
2900,0.025908139199764584
2901,0.4895320403133239
2902,0.942252587426925
2903,0.7168211557337089
2904,0.5011983975279053
2905,0.29646510800852877
2906,0.17999948966101945
2907,0.05096059056316026
2908,0.3775484988971484
2909,0.40162949673338294
2910,0.19559736448985418
2911,0.40951355636928205
2912,0.4580169739478282
2913,0.2960723332685058
2914,0.4120250588170803
2915,0.4136750777710676
2916,0.1698810382820175
2917,0.4479174077431699
2918,0.3500772418960435
2919,0.6169090945042316
2920,0.4362366529858253
2921,0.3878432268569554
2922,0.02594074161309266
2923,0.5232242898090618
2924,0.17810867795682933
2925,0.09492829322704933
2926,0.5299815791465236
2927,0.5416105998905782
2928,0.47613228182776435
2929,0.9620311105070851
2930,0.21595598129861415
2931,0.3881217867998816
2932,0.3876362648219568
2933,0.008002612958121897
2934,0.630233260162281
2935,0.4670587596221742
2936,0.435335595029373
2937,0.5341137832453141
2938,0.3869981126757664
2939,0.001607792305002895
2940,0.27692719418460304
2941,0.6259515900480183
2942,0.37070958766561335
2943,0.13174363789731636
2944,0.5966523872442332
2945,0.4039054712857577
2946,0.811083229492872
2947,0.7353735097181261
2948,0.5886278854892234
2949,0.565751694981264
2950,0.3318250183546798
2951,0.28037854338752066
2952,0.6072415163957344
2953,0.42587756288972595
2954,0.4986452177026801
2955,0.6649662449641193
2956,0.8250910916762643
2957,0.2973730228021752
2958,0.30680584516021614
2959,0.28546591619679373
2960,0.4179952773197084
2961,0.1306665016323116
2962,0.927410990130566
2963,0.3058115966835596
2964,0.3724033185275563
2965,0.4113931358094637
2966,0.4700598056048344
2967,0.39830125483336964
2968,0.8356173086004187
2969,0.7119846356165679
2970,0.39229372084737224
2971,0.5293168830274545
2972,0.220428889141613
2973,0.5009921967688151
2974,0.40453244051401993
2975,0.5408071324395615
2976,0.5266754593040033
2977,0.7320337285021529
2978,0.38558457104151106
2979,0.548932159221654
2980,0.38086977389315846
2981,0.015794932987206158
2982,0.6818966144044325
2983,0.3167805914674404
2984,0.4248646282750379
2985,0.3153783716887166
2986,0.9362603771225196
2987,0.4458649878919838
2988,0.030019765906024443
2989,0.10837427178599984
2990,0.2615887367821741
2991,0.6124023801816292
2992,0.5729266680037371
2993,0.6164722788946138
2994,0.6695367027823245
2995,0.5521367479019607
2996,0.7802838265197305
2997,0.31161259684081527
2998,0.30152737117848166
2999,0.3708240331350142
3000,0.5527937136868495
3001,0.08186212148971997
3002,0.31811508013160367
3003,0.33819650597503736
3004,0.004211959703128205
3005,0.41508095078943047
3006,0.30136688834865577
3007,0.2934600296332919
3008,0.414450906895569
3009,0.35604940806089475
3010,0.5145601245843214
3011,0.7384692721609537
3012,0.42255653193267195
3013,0.5848759554860262
3014,0.6039493576652042
3015,0.4905626011421945
3016,0.25578994987929665
3017,0.5254699212502223
3018,0.534242191208836
3019,0.7043613593738133
3020,0.5186623292269353
3021,0.46345325618566896
3022,0.6639044397987766
3023,0.0038233249310509715
3024,0.3831448887141676
3025,0.4539968268147228
3026,0.33612994711324035
3027,0.37421977204301443
3028,0.42014420118917967
3029,0.6103688487091679
3030,0.39375229836088377
3031,0.19547412482042537
3032,0.3693300348112675
3033,0.31031327758685406
3034,0.6254588867178269
3035,0.21530389896574093
3036,0.002095262408368594
3037,0.5757363962939733
3038,0.48914300333842736
3039,0.23115344674004654
3040,0.38669921324639916
3041,0.4177686263393158
3042,0.006347995629333488
3043,0.5776345070383425
3044,0.0029121011890967862
3045,0.29144166622523604
3046,0.3118010695684519
3047,0.005478913190714781
3048,0.6141956542026004
3049,0.549939492314023
3050,0.012485748143955505
3051,0.3924455189449514
3052,0.843074987934172
3053,0.09557233883757153
3054,0.49310614401360664
3055,0.5304742661375828
3056,0.2696924876627659
3057,0.6469454022419416
3058,0.2846282412782967
3059,0.003444850761915511
3060,0.4486928901588216
3061,0.4126208564917731
3062,0.5793595600890681
3063,0.06326282184375107
3064,0.365677638726704
3065,0.002656909479962767
3066,0.6944261551664213
3067,0.3997964008241329
3068,0.48533992090071315
3069,0.0032067813159513277
3070,0.5477388521352817
3071,0.5707924607167038
3072,0.40169904510800775
3073,0.33665234159554014
3074,0.631678056783807
3075,0.32750817620847983
3076,0.8285858785232035
3077,0.43517780567793224
3078,0.32559584258500024
3079,0.4934939367148224
3080,0.7569823525135745
3081,0.5335600748710876
3082,0.4080501148765006
3083,0.28841948761404246
3084,0.5303892872454979
3085,0.5769561438103816
3086,0.4689693926938116
3087,0.6393605284139344
3088,0.33024416184860683
3089,0.3696627017220461
3090,0.4271919385682856
3091,0.2116767530169427
3092,0.4498746331927567
3093,0.31735908921155276
3094,0.4101482269856904
3095,0.4228216999068338
3096,0.9110136299237573
3097,0.22894584530164058
3098,0.2511289099728135
3099,0.4759040698424671
3100,0.36489611542094386
3101,0.2986500094451213
3102,0.3173551109084765
3103,0.4441117672395884
3104,0.31533456021870837
3105,0.45525564370285104
3106,0.12620335280776926
3107,0.39621750680286083
3108,0.6575412472229978
3109,0.23050167678150948
3110,0.45521863045269817
3111,0.44023334581590506
3112,0.45751461060594945
3113,0.09640973243428201
3114,0.5008211650543087
3115,0.4800509007052104
3116,0.2873467009492253
3117,0.6499377347423116
3118,0.8363606386059944
3119,0.37979796836502944
3120,0.6083358371912763
3121,0.3339868918971862
3122,0.49509397937825333
3123,0.05721028239074196
3124,0.25347820528992865
3125,0.4985793373640133
3126,0.346001448879282
3127,0.6754099690869592
3128,0.1702372292241265
3129,0.5430702685522297
3130,0.6772219340834914
3131,0.8629250724046716
3132,0.3370123459130721
3133,0.4810267929168815
3134,0.43877110103121664
3135,0.4167587566763252
3136,0.08523103348741157
3137,0.38783480439327245
3138,0.3613316330415808
3139,0.3047512366347712
3140,0.36305132078920976
3141,0.37066920697075584
3142,0.4099098103871193
3143,0.8525218181592435
3144,0.11186320074742928
3145,0.2221551394558561
3146,0.3706440668130791
3147,0.08021397008533385
3148,0.31969663408628585
3149,0.08481733140543905
3150,0.44730497313680995
3151,0.3031116250585454
3152,0.4605013681814093
3153,0.527812023930143
3154,0.3923831419276152
3155,0.2853432266247195
3156,0.574826355601638
3157,0.4776075398492867
3158,0.5028438745569134
3159,0.6088440307014451
3160,0.6021395469432178
3161,0.9660480139735306
3162,0.2901408543505328
3163,0.35829762377343316
3164,0.6810543621152071
3165,0.34064163964864397
3166,0.3077095470497785
3167,0.6151308948428231
3168,0.26584376808191923
3169,0.4908899713083834
3170,0.2965693423424422
3171,0.3959440591743179
3172,0.4975774188946147
3173,0.41866294730010106
3174,0.46285382324600005
3175,0.38227056437093115
3176,0.4030340964880478
3177,0.4207439415166789
3178,0.33792059564559257
3179,0.3714936331497492
3180,0.3584140795723917
3181,0.16372641772066762
3182,0.5883022990186068
3183,0.6338286396787849
3184,0.9150554953524124
3185,0.3784888794985473
3186,0.41487482432204176
3187,0.37849069331655466
3188,0.4680394517130324
3189,0.2930555735136419
3190,0.24259966787568274
3191,0.12303946715058152
3192,0.5037118013960897
3193,0.05666443960751335
3194,0.38965964369749195
3195,0.3560094393342263
3196,0.29814506282229486
3197,0.24958766406567306
3198,0.3046242934105978
3199,0.09841300133632375
