ID,target,ensemble_pred,ensemble_correct,ensemble_confidence,ensemble_margin,ensemble_proba_class1,ensemble_proba_class2,ensemble_proba_class3,lightgbm_simple_fe_pred,lightgbm_simple_fe_confidence,lightgbm_simple_fe_proba_class1,lightgbm_simple_fe_proba_class2,lightgbm_simple_fe_proba_class3,lightgbm_original_pred,lightgbm_original_confidence,lightgbm_original_proba_class1,lightgbm_original_proba_class2,lightgbm_original_proba_class3,random_forest_original_pred,random_forest_original_confidence,random_forest_original_proba_class1,random_forest_original_proba_class2,random_forest_original_proba_class3,extra_trees_original_pred,extra_trees_original_confidence,extra_trees_original_proba_class1,extra_trees_original_proba_class2,extra_trees_original_proba_class3,hgb_original_pred,hgb_original_confidence,hgb_original_proba_class1,hgb_original_proba_class2,hgb_original_proba_class3,hgb_simple_fe_pred,hgb_simple_fe_confidence,hgb_simple_fe_proba_class1,hgb_simple_fe_proba_class2,hgb_simple_fe_proba_class3,xgboost_simple_fe_pred,xgboost_simple_fe_confidence,xgboost_simple_fe_proba_class1,xgboost_simple_fe_proba_class2,xgboost_simple_fe_proba_class3,gradient_boosting_fe_pred,gradient_boosting_fe_confidence,gradient_boosting_fe_proba_class1,gradient_boosting_fe_proba_class2,gradient_boosting_fe_proba_class3
2641,class2,class3,False,0.5281503303700801,0.05827087559173755,0.0019702150379103662,0.46987945477834253,0.5281503303700801,class3,0.9785690874432388,8.874351571986692e-05,0.021342169041041383,0.9785690874432388,class3,0.9438379281729967,9.235032236243412e-05,0.056069721504640846,0.9438379281729967,class2,0.6114285714285714,0.004285714285714286,0.6114285714285714,0.3842857142857143,class3,0.5277777777777778,0.0,0.4722222222222222,0.5277777777777778,class3,0.9862844708997742,0.00015218487268589976,0.013563344227539922,0.9862844708997742,class3,0.9937825629583554,7.012096103403408e-05,0.006147316080610457,0.9937825629583554,class3,0.814746081829071,0.0006618556217290461,0.18459206819534302,0.814746081829071,class2,0.9865634801477253,1.3164011785100034e-05,0.9865634801477253,0.013423355840489683
341,class3,class2,False,0.5819794492807513,0.1754907579755951,0.011531859565848086,0.5819794492807513,0.4064886913051562,class3,0.6243209917861134,0.00039857402692126574,0.37528043418696533,0.6243209917861134,class2,0.7004588771762346,0.0003474804975361239,0.7004588771762346,0.2991936423262293,class2,0.5957142857142858,0.022857142857142857,0.5957142857142858,0.38142857142857145,class3,0.5177777777777778,0.0077777777777777776,0.47444444444444445,0.5177777777777778,class3,0.8114874429853854,3.9241616405197236e-05,0.18847331539820936,0.8114874429853854,class3,0.8023605576485376,0.0001959211388699583,0.19744352121259237,0.8023605576485376,class2,0.8796362280845642,0.0002755494206212461,0.8796362280845642,0.12008822709321976,class2,0.9946144737855862,6.031296222477856e-06,0.9946144737855862,0.005379494918191235
1872,class3,class1,False,0.6786184167861269,0.3593784198074046,0.6786184167861269,0.002141586749487138,0.3192399969787223,class1,0.9894598367295265,0.9894598367295265,4.135185016657082e-08,0.010540121918623257,class1,0.9697102318409807,0.9697102318409807,6.447637372305466e-08,0.03028970368264561,class3,0.51,0.48714285714285716,0.002857142857142857,0.51,class3,0.5022222222222222,0.4922222222222222,0.005555555555555556,0.5022222222222222,class1,0.9959478910915639,0.9959478910915639,1.4625608207521831e-07,0.004051962652354215,class1,0.9926959200827081,0.9926959200827081,1.26723157303858e-06,0.0073028126857188815,class1,0.7171951532363892,0.7171951532363892,0.00020255216804798692,0.28260231018066406,class1,0.9947921320877223,0.9947921320877223,4.1564040132608664e-06,0.005203711508264431
678,class2,class3,False,0.6939482192055275,0.3884227399605991,0.0005262997841850085,0.3055254792449284,0.6939482192055275,class3,0.9994347178703098,1.0782346878987998e-05,0.0005544997828113192,0.9994347178703098,class3,0.9991025298670139,1.3433591344063231e-05,0.0008840365416420338,0.9991025298670139,class2,0.5042857142857143,0.0,0.5042857142857143,0.4957142857142857,class3,0.5455555555555556,0.0033333333333333335,0.45111111111111113,0.5455555555555556,class3,0.9999499645792762,1.842290752959637e-06,4.819312997078746e-05,0.9999499645792762,class3,0.9997035472932021,2.0645659106068825e-06,0.000294388140887319,0.9997035472932021,class3,0.9772158861160278,0.000228146614972502,0.022555913776159286,0.9772158861160278,class3,0.9174867847836085,4.199326154469206e-05,0.0824712219548468,0.9174867847836085
1738,class3,class1,False,0.6477749031981039,0.44210486571516405,0.6477749031981039,0.14655505956483872,0.2056700374829399,class1,0.9999830045830892,0.9999830045830892,9.511405085313257e-06,7.484011825389818e-06,class1,0.9999730119953929,0.9999730119953929,2.1855879733510892e-05,5.132124873677374e-06,class1,0.51,0.51,0.19714285714285715,0.29285714285714287,class3,0.45111111111111113,0.25333333333333335,0.29555555555555557,0.45111111111111113,class1,0.9996883870568332,0.9996883870568332,0.00025627889524151376,5.533404792543118e-05,class1,0.9862551395848637,0.9862551395848637,0.006143540656744338,0.007601319758391898,class1,0.8088231086730957,0.8088231086730957,0.06874406337738037,0.12243283540010452,class1,0.9006399655848776,0.9006399655848776,0.09214892075900594,0.0072111136561165195
2426,class3,class2,False,0.696669504960807,0.45099467595238163,0.05765566386777044,0.696669504960807,0.2456748290084254,class2,0.9999910118866111,4.746622824478719e-07,0.9999910118866111,8.513451106597543e-06,class2,0.9999865161687593,4.0099325008901716e-06,0.9999865161687593,9.47389873980699e-06,class2,0.5757142857142857,0.1,0.5757142857142857,0.3242857142857143,class3,0.6488888888888888,0.08333333333333333,0.2677777777777778,0.6488888888888888,class2,0.9999736615228633,2.766776844118718e-06,0.9999736615228633,2.357170029255056e-05,class2,0.9999448758233463,5.787233294159524e-07,0.9999448758233463,5.454545332427656e-05,class2,0.986500084400177,0.0003473755205050111,0.986500084400177,0.013152474537491798,class2,0.998485699192214,4.786715606021258e-06,0.998485699192214,0.0015095140921800466
2458,class3,class2,False,0.8260569520435717,0.6527655970625638,0.0006516946216803204,0.8260569520435717,0.17329135498100787,class2,0.9999989052761524,1.6519040538796487e-08,0.9999989052761524,1.0782048069342043e-06,class2,0.9999941027683636,6.64973255726397e-08,0.9999941027683636,5.830734310666559e-06,class2,0.7571428571428571,0.0014285714285714286,0.7571428571428571,0.24142857142857144,class2,0.5833333333333334,0.0,0.5833333333333334,0.4166666666666667,class2,0.9999150124135987,6.485325901335752e-08,0.9999150124135987,8.492273314230416e-05,class2,0.9998083745806411,7.959816648954876e-08,0.9998083745806411,0.0001915458211923531,class2,0.9903851747512817,0.00027261354262009263,0.9903851747512817,0.009342261590063572,class2,0.9935298560579975,1.7893678280315563e-05,0.9935298560579975,0.006452250263722297
2269,class3,class3,True,0.5223781147392272,0.044802930349228776,4.6699516500066845e-05,0.47757518438999846,0.5223781147392272,class3,0.5518776348830623,0.00014299890902701973,0.44797936620791073,0.5518776348830623,class2,0.9944553845565902,1.244544031917588e-06,0.9944553845565902,0.005543370899377676,class3,0.68,0.0,0.32,0.68,class3,0.8344444444444444,0.0,0.16555555555555557,0.8344444444444444,class2,0.9797594802517379,1.048843288274047e-06,0.9797594802517379,0.02023947090497399,class2,0.9202958945572939,3.2727638893578896e-06,0.9202958945572939,0.07970083267881686,class2,0.6068016290664673,0.0008354968740604818,0.6068016290664673,0.3923628330230713,class2,0.9516257153413497,1.2751284672863055e-05,0.9516257153413497,0.048361533373977396
1243,class1,class1,True,0.48249233764967653,0.06982436140835874,0.48249233764967653,0.4126679762413178,0.1048396863856235,class1,0.9999418879471063,0.9999418879471063,4.6847813639934596e-05,1.12642392537722e-05,class1,0.9999929505421198,0.9999929505421198,4.3858846896069225e-06,2.663573190645766e-06,class2,0.4957142857142857,0.33714285714285713,0.4957142857142857,0.16714285714285715,class2,0.6522222222222223,0.15444444444444444,0.6522222222222223,0.19333333333333333,class2,0.9971547642548717,0.0028409411465107714,0.9971547642548717,4.294598617419144e-06,class2,0.9999019190921488,9.50844589168995e-05,0.9999019190921488,2.9964489344165057e-06,class2,0.5432363748550415,0.45329174399375916,0.5432363748550415,0.0034718895331025124,class1,0.9822994986469624,0.9822994986469624,0.017001721741313647,0.0006987796117238852
1370,class3,class3,True,0.5409148085546294,0.09066665973383903,0.008837042148183124,0.45024814882079034,0.5409148085546294,class2,0.9999513774639203,3.5454513418530136e-07,0.9999513774639203,4.8267990945668835e-05,class3,0.9976992204037538,2.7673721912870453e-05,0.0022731058743333406,0.9976992204037538,class3,0.6585714285714286,0.014285714285714285,0.3271428571428571,0.6585714285714286,class3,0.5733333333333334,0.015555555555555555,0.4111111111111111,0.5733333333333334,class3,0.999615775495382,1.215015597380147e-05,0.0003720743486441784,0.999615775495382,class2,0.8960512858370913,2.9637209063398562e-05,0.8960512858370913,0.10391907695384549,class2,0.5593678951263428,0.0008705114014446735,0.5593678951263428,0.43976157903671265,class2,0.6640020845960717,8.898507576308115e-05,0.6640020845960717,0.33590893032816527
2403,class3,class3,True,0.5466882287387684,0.09339518464308216,1.8727245264959433e-05,0.45329304409568627,0.5466882287387684,class3,0.9719571659666326,2.4177229779733427e-05,0.0280186568035876,0.9719571659666326,class3,0.9264653706361846,1.989895962288835e-05,0.07351473040419257,0.9264653706361846,class2,0.5714285714285714,0.0,0.5714285714285714,0.42857142857142855,class3,0.5633333333333334,0.0,0.43666666666666665,0.5633333333333334,class3,0.981079034053565,2.5280457557933398e-05,0.018895685488876993,0.981079034053565,class3,0.9608800548580683,3.8982412775315095e-05,0.03908096272915639,0.9608800548580683,class3,0.7370327115058899,0.00035578254028223455,0.2626115083694458,0.7370327115058899,class2,0.9974231289410809,5.900135157964913e-06,0.9974231289410809,0.002570970923761042
1557,class3,class3,True,0.549458607390868,0.10824285116579574,0.4412157562250723,0.00932563764516778,0.549458607390868,class1,0.9328685436791276,0.9328685436791276,9.666054182331433e-08,0.06713135966033057,class3,0.5414003283455447,0.45859931735992954,3.542945256734995e-07,0.5414003283455447,class3,0.49714285714285716,0.48857142857142855,0.014285714285714285,0.49714285714285716,class3,0.6188888888888889,0.3622222222222222,0.01888888888888889,0.6188888888888889,class3,0.909141978651465,0.09085560368610548,2.4176624295457176e-06,0.909141978651465,class3,0.6151672403594779,0.38482860167910304,4.157961419156343e-06,0.6151672403594779,class3,0.7451054453849792,0.25458744168281555,0.0003071511455345899,0.7451054453849792,class3,0.985370219031474,0.01455699481625896,7.278615226698291e-05,0.985370219031474
2048,class3,class3,True,0.5775212867589786,0.1600676133808151,0.0050250405620861265,0.4174536733781635,0.5775212867589786,class3,0.9953944334539739,2.8532449121433763e-05,0.0045770340969046395,0.9953944334539739,class3,0.9322190690803241,4.539192964333057e-05,0.06773553899003257,0.9322190690803241,class2,0.5385714285714286,0.01,0.5385714285714286,0.4514285714285714,class3,0.6411111111111111,0.0033333333333333335,0.35555555555555557,0.6411111111111111,class3,0.997543321888839,0.00023786979359152066,0.0022188083175695267,0.997543321888839,class3,0.9954929998526332,9.708016494740034e-05,0.004409919982419433,0.9954929998526332,class3,0.8117792010307312,0.0002590182702988386,0.18796180188655853,0.8117792010307312,class2,0.9859081746386121,7.61725429570915e-06,0.9859081746386121,0.014084208107092067
1779,class2,class2,True,0.592811312022878,0.18909468185628264,0.003472056120085063,0.592811312022878,0.4037166301665953,class2,0.7921919407770635,0.0005996185634558963,0.7921919407770635,0.20720844065948066,class3,0.852571727690086,0.0003804500902980246,0.14704782221961596,0.852571727690086,class2,0.5842857142857143,0.002857142857142857,0.5842857142857143,0.41285714285714287,class2,0.6244444444444445,0.013333333333333334,0.6244444444444445,0.3622222222222222,class3,0.9834641828282884,0.00012003487320399331,0.01641578229850763,0.9834641828282884,class3,0.8615416041617405,0.00010319304406587026,0.13835520279419358,0.8615416041617405,class3,0.610753059387207,0.001164236105978489,0.3880826532840729,0.610753059387207,class2,0.9991245947563416,6.6623395923485255e-06,0.9991245947563416,0.0008687429040658787
2822,class2,class2,True,0.6257835803940759,0.2515896645714421,2.2504776425047983e-05,0.6257835803940759,0.3741939158226338,class2,0.9999722859837752,4.5439641517144583e-07,0.9999722859837752,2.7259619809683268e-05,class2,0.9999753149706176,4.452523970313514e-08,0.9999753149706176,2.464050414255825e-05,class2,0.5485714285714286,0.0,0.5485714285714286,0.4514285714285714,class3,0.7388888888888889,0.0,0.2611111111111111,0.7388888888888889,class3,0.9946270907974066,2.253901822237305e-06,0.0053706553007709995,0.9946270907974066,class2,0.7194648834726974,5.256717689876883e-06,0.7194648834726974,0.2805298598096127,class2,0.7988486886024475,0.0006370398332364857,0.7988486886024475,0.2005143016576767,class2,0.9850817190367298,1.0548047845392061e-05,0.9850817190367298,0.014907732915424781
477,class1,class1,True,0.592224544750672,0.28540113570257986,0.592224544750672,0.30682340904809213,0.10095204792241318,class1,0.9999959125395889,0.9999959125395889,3.5732878817805037e-06,5.141725294248019e-07,class1,0.9999951108181702,0.9999951108181702,4.052037863129264e-06,8.37143966723743e-07,class2,0.46285714285714286,0.41,0.46285714285714286,0.12714285714285714,class2,0.5222222222222223,0.1922222222222222,0.5222222222222223,0.28555555555555556,class1,0.999881462151936,0.999881462151936,7.319967985111371e-05,4.5338168212780854e-05,class1,0.9999183579567775,0.9999183579567775,2.189901202332926e-05,5.9743031199030705e-05,class2,0.5665653347969055,0.4311316907405853,0.5665653347969055,0.0023030266165733337,class1,0.9967623280351918,0.9967623280351918,0.00318110326380971,5.656870099857171e-05
1099,class2,class2,True,0.6454003579276189,0.29181694559023114,0.0010162289512432054,0.6454003579276189,0.3535834123373877,class2,0.9997724462964496,1.9870393509990135e-07,0.9997724462964496,0.00022735499961531292,class2,0.9999282414574394,1.667767884093051e-07,0.9999282414574394,7.159176577213633e-05,class3,0.5257142857142857,0.0014285714285714286,0.47285714285714286,0.5257142857142857,class3,0.72,0.0022222222222222222,0.2777777777777778,0.72,class2,0.9951704336890788,4.218767737745487e-07,0.9951704336890788,0.004829144434147487,class2,0.9867802636824075,4.3575556727085005e-07,0.9867802636824075,0.013219300562025388,class2,0.8525431752204895,0.0009889216162264347,0.8525431752204895,0.1464678794145584,class2,0.9837313906046047,1.463395001222935e-05,0.9837313906046047,0.0162539754453831
1839,class1,class1,True,0.5702556089424364,0.2923008167591922,0.5702556089424364,0.27795479218324426,0.1517896013177762,class1,0.9999894250614256,0.9999894250614256,9.566651572390036e-06,1.0082870019436581e-06,class1,0.9992122712191153,0.9992122712191153,0.0005340908165644503,0.0002536379643202591,class1,0.4142857142857143,0.4142857142857143,0.36428571428571427,0.22142857142857142,class2,0.43666666666666665,0.2611111111111111,0.43666666666666665,0.3022222222222222,class1,0.8719394397193656,0.8719394397193656,0.011284510540467963,0.11677604974016635,class1,0.9996509604594863,0.9996509604594863,0.0001757284822361258,0.00017331105827742604,class2,0.8838159441947937,0.111114002764225,0.8838159441947937,0.005070127081125975,class1,0.8318944823308125,0.8318944823308125,0.15961411074476017,0.008491406924427309
1288,class3,class3,True,0.65630261543498,0.3332439387720791,0.02063870894039607,0.32305867666290095,0.65630261543498,class3,0.9799171190925604,0.0001695706126556749,0.019913310294783954,0.9799171190925604,class3,0.989409556351215,0.00021372507866607122,0.010376718570118942,0.989409556351215,class3,0.5285714285714286,0.014285714285714285,0.45714285714285713,0.5285714285714286,class3,0.6555555555555556,0.09222222222222222,0.25222222222222224,0.6555555555555556,class3,0.9665854067726722,3.798427519225303e-05,0.033376608952135595,0.9665854067726722,class3,0.8834740242749277,0.000263988393561495,0.11626198733151072,0.8834740242749277,class3,0.570508599281311,0.00044438408804126084,0.4290470480918884,0.570508599281311,class2,0.5133128379199633,0.00012927256751744067,0.5133128379199633,0.4865578895125192
279,class2,class2,True,0.6675253102789892,0.3385429208287068,0.0034922997559120933,0.6675253102789892,0.3289823894502824,class2,0.9992362383821058,1.062715611606097e-05,0.9992362383821058,0.000753134461778149,class2,0.9999741026970547,1.2812181707248997e-06,0.9999741026970547,2.461608477454346e-05,class2,0.58,0.005714285714285714,0.58,0.4142857142857143,class3,0.8011111111111111,0.005555555555555556,0.19333333333333333,0.8011111111111111,class2,0.9999205808450802,3.887833641236742e-07,0.9999205808450802,7.903037155566817e-05,class2,0.9079911662469179,0.00013731058604123315,0.9079911662469179,0.09187152316704092,class2,0.5233524441719055,0.0021171115804463625,0.5233524441719055,0.474530428647995,class2,0.9835950265573259,1.261862568128917e-05,0.9835950265573259,0.01639235481699281
2883,class3,class3,True,0.6700744326316292,0.35119157293327824,0.011042708695810722,0.318882859698351,0.6700744326316292,class3,0.9298925161215457,0.00010849619147059827,0.06999898768698362,0.9298925161215457,class3,0.5708085758661142,1.8412986631602307e-05,0.4291730111472542,0.5708085758661142,class2,0.5414285714285715,0.014285714285714285,0.5414285714285715,0.4442857142857143,class3,0.8266666666666667,0.03,0.14333333333333334,0.8266666666666667,class3,0.8662039924909061,5.437347312006833e-05,0.13374163403597397,0.8662039924909061,class3,0.944157506241861,4.8573972189191744e-05,0.055793919785949816,0.944157506241861,class3,0.7163693904876709,0.0003192437579855323,0.2833113968372345,0.7163693904876709,class3,0.9730616264889507,8.803181955367011e-06,0.026929570329093953,0.9730616264889507
464,class3,class3,True,0.679656852944713,0.3611993492054784,0.001885643602275062,0.3184575037392346,0.679656852944713,class3,0.9979557145105319,6.031999053469032e-05,0.0019839654989333233,0.9979557145105319,class3,0.9968754545662262,0.0001413106659672483,0.0029832347678064868,0.9968754545662262,class3,0.6314285714285715,0.0014285714285714286,0.36714285714285716,0.6314285714285715,class3,0.6522222222222223,0.0077777777777777776,0.34,0.6522222222222223,class3,0.9949115226761927,0.0001371535572722462,0.004951323766535026,0.9949115226761927,class3,0.9929403869604106,0.00012142826902969513,0.00693818477055977,0.9929403869604106,class3,0.74758380651474,0.0004476991598494351,0.25196850299835205,0.74758380651474,class2,0.8267399428043334,9.685476727837683e-05,0.8267399428043334,0.17316320242838826
2333,class3,class3,True,0.6940034330355644,0.38820223777051077,0.00019537352044880847,0.30580119526505367,0.6940034330355644,class2,0.9983980383790785,9.454723119564007e-06,0.9983980383790785,0.0015925068978019637,class2,0.9997659724721727,9.189559800303218e-07,0.9997659724721727,0.00023310857184716052,class3,0.8942857142857142,0.0,0.10571428571428572,0.8942857142857142,class3,0.5934328455284553,0.0011111111111111111,0.4054560433604336,0.5934328455284553,class3,0.9772426298276508,9.736265925726058e-06,0.022747633906423474,0.9772426298276508,class3,0.8676099325401849,9.823401041281533e-05,0.13229183344940224,0.8676099325401849,class3,0.7275477051734924,0.0006080821622163057,0.2718442678451538,0.7275477051734924,class3,0.9997074061834503,2.7841245942644016e-06,0.0002898096919554153,0.9997074061834503
103,class2,class2,True,0.6918248269167656,0.38883721592307585,0.00518755966337649,0.6918248269167656,0.30298761099368976,class2,0.9997532121535834,3.006388051330898e-07,0.9997532121535834,0.00024648720761164943,class2,0.9998866513902449,5.361995172208046e-08,0.9998866513902449,0.00011329498980356572,class2,0.5528571428571428,0.01,0.5528571428571428,0.43714285714285717,class3,0.6811111111111111,0.0044444444444444444,0.31444444444444447,0.6811111111111111,class2,0.9998039758103405,7.901276057212435e-07,0.9998039758103405,0.00019523406205364065,class2,0.9963154259834436,1.316444578845604e-06,0.9963154259834436,0.0036832575719775813,class2,0.9416014552116394,0.0005929479957558215,0.9416014552116394,0.05780552327632904,class2,0.9972986231100299,5.974078832776583e-06,0.9972986231100299,0.0026954028111373
624,class2,class2,True,0.6233650458507882,0.396381058728549,0.14965096827175253,0.6233650458507882,0.2269839871222392,class2,0.9999723765836447,2.3063302400192553e-05,0.9999723765836447,4.560113955110567e-06,class2,0.9864559373645816,0.012891724340195178,0.9864559373645816,0.0006523382952234197,class2,0.4471428571428571,0.22714285714285715,0.4471428571428571,0.32571428571428573,class3,0.5222222222222223,0.30444444444444446,0.17333333333333334,0.5222222222222223,class2,0.9895975427197921,0.0026629114670983617,0.9895975427197921,0.007739545813109418,class2,0.999298871925402,0.0001687908238188403,0.999298871925402,0.0005323372507791874,class2,0.9891602396965027,0.0040674456395208836,0.9891602396965027,0.006772352382540703,class2,0.9989052227547381,3.733970771940254e-05,0.9989052227547381,0.00105743753754259
138,class3,class3,True,0.7004091053970373,0.40297011488159573,0.002151903896386104,0.29743899051544154,0.7004091053970373,class3,0.8562592924963589,1.062509059400965e-05,0.14373008241304705,0.8562592924963589,class3,0.9836275487960794,8.45619982571637e-06,0.016363995004094953,0.9836275487960794,class3,0.5228571428571429,0.002857142857142857,0.4742857142857143,0.5228571428571429,class3,0.7677777777777778,0.005555555555555556,0.22666666666666666,0.7677777777777778,class3,0.9251824082985634,2.1542709922370524e-06,0.07481543743044453,0.9251824082985634,class3,0.7456668339962934,8.954463186111115e-06,0.25432421154052043,0.7456668339962934,class3,0.5160630941390991,0.00043391602230258286,0.48350298404693604,0.5160630941390991,class3,0.9546137947860225,9.33679617887848e-06,0.04537686841779851,0.9546137947860225
2585,class1,class1,True,0.6989228764308648,0.4350879380682969,0.6989228764308648,0.03724218390415869,0.26383493836256794,class1,0.9999915506446655,0.9999915506446655,2.1732311842695886e-08,8.427623022823477e-06,class1,0.9999923580992167,0.9999923580992167,1.4759934385423605e-08,7.627140848964701e-06,class1,0.5914285714285714,0.5914285714285714,0.06285714285714286,0.3457142857142857,class3,0.6955555555555556,0.24555555555555555,0.058888888888888886,0.6955555555555556,class1,0.9976692104812962,0.9976692104812962,1.005969101269508e-06,0.0023297835496026414,class1,0.9884174991348986,0.9884174991348986,3.0318173898464297e-06,0.011579469047711531,class1,0.9836496114730835,0.9836496114730835,0.00020421633962541819,0.016146132722496986,class1,0.9907402185673599,0.9907402185673599,2.8425190586802646e-05,0.009231356242053096
2790,class2,class2,True,0.7208837576129841,0.4446104242446628,0.0028429089399355646,0.7208837576129841,0.27627333336832127,class2,0.9999562948068773,8.744540682063823e-08,0.9999562948068773,4.361774771599991e-05,class2,0.9999916587794546,2.3995629367796595e-07,0.9999916587794546,8.101264251801916e-06,class2,0.5928571428571429,0.002857142857142857,0.5928571428571429,0.4042857142857143,class3,0.6022222222222222,0.01,0.3877777777777778,0.6022222222222222,class2,0.9997179299528629,2.501463464617124e-07,0.9997179299528629,0.0002818199007905066,class2,0.9977918210213759,2.4806699159312245e-07,0.9977918210213759,0.002207930911632382,class2,0.9582643508911133,0.000751932559069246,0.9582643508911133,0.040983714163303375,class2,0.9905105730186452,1.1201652140407632e-05,0.9905105730186452,0.009478225329214343
1060,class3,class3,True,0.7217573426833258,0.44777978780152816,0.0042651011151794895,0.27397755488179765,0.7217573426833258,class3,0.9627238229247655,8.314968275683304e-05,0.03719302739247752,0.9627238229247655,class3,0.9891328601932055,3.8100424732817376e-05,0.010829039382061617,0.9891328601932055,class3,0.5114285714285715,0.007142857142857143,0.48142857142857143,0.5114285714285715,class3,0.8311111111111111,0.006666666666666667,0.1622222222222222,0.8311111111111111,class3,0.9745716183574078,9.517123259869839e-05,0.025333210409993485,0.9745716183574078,class3,0.5815318703433549,7.020032195619639e-05,0.41839792933468894,0.5815318703433549,class3,0.603663980960846,0.000577976054046303,0.3957580029964447,0.603663980960846,class3,0.9817926454222877,4.5218178749133115e-06,0.018202832759837383,0.9817926454222877
696,class1,class1,True,0.6482405494516772,0.45238917746806784,0.6482405494516772,0.19585137198360933,0.15590807879522833,class1,0.9939686029788697,0.9939686029788697,0.0008751451338121538,0.005156251887318213,class1,0.9870119565165177,0.9870119565165177,0.0012130957836279052,0.011774947699854255,class1,0.4857142857142857,0.4857142857142857,0.24,0.2742857142857143,class2,0.5655555555555556,0.23666666666666666,0.5655555555555556,0.19777777777777777,class1,0.9773516527063295,0.9773516527063295,0.0034695155888358744,0.01917883170483442,class1,0.995600204661121,0.995600204661121,0.0026779158101139116,0.001721879528765202,class1,0.9839973449707031,0.9839973449707031,0.00833875685930252,0.007663905154913664,class1,0.9930585863380597,0.9930585863380597,0.006273183223027456,0.0006682304389127622
585,class2,class2,True,0.7318544285079726,0.4643690377804243,0.0006601794217306128,0.7318544285079726,0.26748539072754823,class2,0.9989927993749633,3.4161538591026247e-07,0.9989927993749633,0.0010068590096507196,class2,0.9913943768419708,5.402311526133413e-07,0.9913943768419708,0.008605082926876591,class2,0.68,0.0014285714285714286,0.68,0.31857142857142856,class3,0.7411111111111112,0.0,0.2588888888888889,0.7411111111111112,class2,0.9889468940336571,6.776993753867941e-06,0.9889468940336571,0.011046328972589031,class2,0.9860631320915315,3.3100258824920848e-06,0.9860631320915315,0.013933557882585944,class2,0.7306538820266724,0.0005539844860322773,0.7306538820266724,0.2687920928001404,class2,0.995994795039269,6.7662730547035335e-06,0.995994795039269,0.003998438687676286
2389,class1,class1,True,0.6630445245829621,0.47254417950839345,0.6630445245829621,0.14645513132599905,0.19050034507456873,class1,0.9995854324219953,0.9995854324219953,6.929663929239236e-05,0.0003452709387123826,class1,0.9999973715760874,0.9999973715760874,1.116689698299833e-06,1.5117342141732617e-06,class1,0.5428571428571428,0.5428571428571428,0.19142857142857142,0.26571428571428574,class3,0.46111111111111114,0.15333333333333332,0.38555555555555554,0.46111111111111114,class1,0.9999735279569204,0.9999735279569204,1.5320493090574542e-05,1.1151549989154934e-05,class1,0.9996450218356797,0.9996450218356797,0.00020206623430788355,0.00015291193001231582,class1,0.9575599431991577,0.9575599431991577,0.028329964727163315,0.014110121876001358,class1,0.9957616988202066,0.9957616988202066,0.004061336467164362,0.00017696471262903672
170,class1,class1,True,0.7015439931787832,0.47297739040823106,0.7015439931787832,0.06988940299029651,0.22856660277055219,class1,0.9999790286940184,0.9999790286940184,1.1219617848422276e-06,1.984934419664674e-05,class1,0.9999376988387165,0.9999376988387165,2.0710043262890713e-05,4.1591118020540886e-05,class1,0.6257142857142857,0.6257142857142857,0.11142857142857143,0.26285714285714284,class3,0.7177777777777777,0.15444444444444444,0.12777777777777777,0.7177777777777777,class1,0.9992680982571657,0.9992680982571657,7.132925945822126e-05,0.0006605724833761623,class1,0.9992918094163616,0.9992918094163616,0.00010327450241939755,0.0006049160812191657,class1,0.9846770763397217,0.9846770763397217,0.003283811267465353,0.012039080262184143,class1,0.9981711157087936,0.9981711157087936,0.0016174617567425902,0.00021142253446389115
2826,class3,class3,True,0.7341423928536087,0.4745947964063121,0.006310010662596528,0.25954759644729664,0.7341423928536087,class3,0.9894259238725096,4.0090649526559915e-05,0.010533985477963786,0.9894259238725096,class3,0.9769748368931586,0.000125371516296508,0.022899791590544942,0.9769748368931586,class3,0.5271428571428571,0.007142857142857143,0.4657142857142857,0.5271428571428571,class3,0.85,0.02,0.13,0.85,class3,0.9779746714582648,8.956893146037813e-05,0.021935759610274885,0.9779746714582648,class3,0.6891209342224853,0.00012450449451581848,0.31075456128299894,0.6891209342224853,class3,0.5336385369300842,0.00045958050759509206,0.4659018814563751,0.5336385369300842,class3,0.9732179994485645,7.093895074985575e-06,0.026774906656360568,0.9732179994485645
1545,class3,class3,True,0.7182585449313805,0.4799209897190894,0.04340389908410396,0.2383375552122911,0.7182585449313805,class3,0.9175095801379956,2.857243001493624e-05,0.08246184743198953,0.9175095801379956,class3,0.9919602987826952,2.2374251264492478e-05,0.008017326966040352,0.9919602987826952,class3,0.5514285714285714,0.03428571428571429,0.4142857142857143,0.5514285714285714,class3,0.6511111111111111,0.18222222222222223,0.16666666666666666,0.6511111111111111,class3,0.9927335588355559,8.550642547680842e-06,0.007257890521896367,0.9927335588355559,class3,0.9622068834918776,1.2009874013738402e-05,0.037781106634108656,0.9622068834918776,class3,0.7231147885322571,0.0012547139776870608,0.27563047409057617,0.7231147885322571,class3,0.9471256583622156,1.429976855851967e-05,0.052860041869225965,0.9471256583622156
407,class2,class2,True,0.719782705482295,0.4842053324328257,0.044639919691351046,0.719782705482295,0.2355773730494692,class2,0.9999935028277385,1.073136514019991e-06,0.9999935028277385,5.424035747545248e-06,class2,0.9999982599521275,9.369416553015674e-07,0.9999982599521275,8.031062172141355e-07,class2,0.6057142857142858,0.07857142857142857,0.6057142857142858,0.3157142857142857,class3,0.6055555555555555,0.06111111111111111,0.3333333333333333,0.6055555555555555,class2,0.9999679182437394,3.749515646265966e-06,0.9999679182437394,2.833224061439627e-05,class2,0.9998175554974842,3.4483376746158566e-06,0.9998175554974842,0.0001789961648412337,class2,0.9718689322471619,0.0005413370090536773,0.9718689322471619,0.027589676901698112,class2,0.9991911822771226,6.498997837643916e-06,0.9991911822771226,0.0008023187250397217
1651,class1,class1,True,0.7166126123905976,0.4869282687346986,0.7166126123905976,0.05370304174056145,0.22968434365589901,class1,0.9984604465749836,0.9984604465749836,0.0005025450281997207,0.0010370083968167917,class1,0.9982621562863047,0.9982621562863047,0.0008537546530178875,0.0008840890606776108,class1,0.5942857142857143,0.5942857142857143,0.06142857142857143,0.3442857142857143,class3,0.4622222222222222,0.41,0.12777777777777777,0.4622222222222222,class1,0.9944101027650225,0.9944101027650225,0.005081326049774862,0.0005085711852026769,class1,0.9959990605905993,0.9959990605905993,0.0018030907322790786,0.002197848677121578,class1,0.8120776414871216,0.8120776414871216,0.0743030309677124,0.11361926048994064,class1,0.9642472303818038,0.9642472303818038,0.033115200835709215,0.002637568782486891
911,class3,class3,True,0.744602367708035,0.4931472490315641,0.2514551186764709,0.003942512691514026,0.744602367708035,class3,0.9956112138041209,0.004388721711795775,6.448408340544767e-08,0.9956112138041209,class3,0.9999917222693135,8.270538222860893e-06,7.1924635485030964e-09,0.9999917222693135,class3,0.7385714285714285,0.26142857142857145,0.0,0.7385714285714285,class1,0.6733333333333333,0.6733333333333333,0.025555555555555557,0.3011111111111111,class3,0.9999849870647909,1.4712360636089558e-05,3.0057457310253807e-07,0.9999849870647909,class3,0.9934438764505441,0.006555451500652658,6.720488032216774e-07,0.9934438764505441,class3,0.8488999009132385,0.1508268564939499,0.0002732145949266851,0.8488999009132385,class3,0.7752492454491139,0.22466501820131501,8.573634957112471e-05,0.7752492454491139
2282,class2,class2,True,0.7477309337279643,0.49581552283607305,0.0003536554329709718,0.7477309337279643,0.25191541089189123,class2,0.9999925873388781,1.0464845829372303e-07,0.9999925873388781,7.308012663789879e-06,class2,0.9999926323954161,8.854639649973757e-08,0.9999926323954161,7.279058187470005e-06,class2,0.7142857142857143,0.0,0.7142857142857143,0.2857142857142857,class3,0.7988888888888889,0.0022222222222222222,0.1988888888888889,0.7988888888888889,class2,0.9999896947241232,4.6075687959148086e-08,0.9999896947241232,1.0259200188814466e-05,class2,0.9999784781446218,3.6281328033665594e-08,0.9999784781446218,2.1485574050279173e-05,class2,0.9780043363571167,0.00035235073301009834,0.9780043363571167,0.021643314510583878,class2,0.9964332375255405,7.155330380320116e-06,0.9964332375255405,0.003559607144079252
1198,class1,class1,True,0.6751988952628227,0.4972784942431762,0.6751988952628227,0.1779204010196465,0.1468807028569423,class1,0.9999932973279588,0.9999932973279588,5.965393766484267e-06,7.372782746504115e-07,class1,0.9999744810130309,0.9999744810130309,2.0435687963379817e-05,5.083299005697065e-06,class1,0.6028571428571429,0.6028571428571429,0.21714285714285714,0.18,class2,0.46111111111111114,0.11555555555555555,0.46111111111111114,0.42333333333333334,class1,0.9994305335689524,0.9994305335689524,0.0005609734755044323,8.492955543316994e-06,class1,0.9876453232102687,0.9876453232102687,0.011961358619085111,0.00039331817064624917,class1,0.7646679878234863,0.7646679878234863,0.20481064915657043,0.030521336942911148,class1,0.9754127582825615,0.9754127582825615,0.02337592888668054,0.0012113128307580231
1425,class2,class2,True,0.6988519122366597,0.5054914340758879,0.1077876100943337,0.6988519122366597,0.1933604781607717,class2,0.9995242452526961,8.413867206994755e-05,0.9995242452526961,0.00039161607523374725,class2,0.999990720058297,1.6668165186831755e-06,0.999990720058297,7.613125184173284e-06,class2,0.6328571428571429,0.15857142857142856,0.6328571428571429,0.20857142857142857,class3,0.6088888888888889,0.22444444444444445,0.16666666666666666,0.6088888888888889,class2,0.9999703716429758,8.554247477965738e-07,0.9999703716429758,2.8772932276480978e-05,class2,0.92958747936531,0.0012449541272669114,0.92958747936531,0.06916756650742306,class2,0.8133500814437866,0.06550507992506027,0.8133500814437866,0.1211448535323143,class2,0.9969948005722997,2.1430717120028442e-05,0.9969948005722997,0.002983768710580261
723,class1,class1,True,0.7252408435515851,0.5055284879019961,0.7252408435515851,0.05504680190913872,0.21971235564958908,class1,0.9903532997349371,0.9903532997349371,3.630384570332549e-08,0.009646663961217314,class1,0.9858919738591113,0.9858919738591113,1.82838810889617e-07,0.014107843302077965,class1,0.64,0.64,0.09142857142857143,0.26857142857142857,class1,0.46444444444444444,0.46444444444444444,0.09111111111111111,0.4444444444444444,class1,0.8840130363822923,0.8840130363822923,2.208820733747397e-05,0.11596487541037039,class1,0.9407762948830465,0.9407762948830465,3.5422673695286537e-06,0.0592201628495838,class1,0.5434530973434448,0.5434530973434448,0.0015386679442599416,0.45500826835632324,class1,0.933824050247815,0.933824050247815,1.4630819921992889e-05,0.06616131893226299
2294,class2,class2,True,0.7551018024253896,0.5223911364038598,0.012187532738310967,0.7551018024253896,0.23271066602152973,class2,0.9999984006073569,1.9691173854472327e-07,0.9999984006073569,1.4024809043927833e-06,class2,0.999991616477935,1.7830761279961232e-07,0.999991616477935,8.205214452119664e-06,class2,0.6485714285714286,0.015714285714285715,0.6485714285714286,0.3357142857142857,class3,0.5277777777777778,0.03333333333333333,0.4388888888888889,0.5277777777777778,class2,0.9999058119512273,3.1027582474076334e-07,0.9999058119512273,9.387777294784852e-05,class2,0.9999334282663431,1.717356472661125e-07,0.9999334282663431,6.639999800972343e-05,class2,0.9744102358818054,0.0006340505206026137,0.9744102358818054,0.02495574951171875,class2,0.9974612040521453,8.243333791001065e-06,0.9974612040521453,0.0025305526140637683
218,class2,class2,True,0.7609791119093856,0.5247394661760629,0.0027812412983643634,0.7609791119093856,0.23623964573332268,class2,0.9999981063767598,4.550174494859829e-08,0.9999981063767598,1.848121495157927e-06,class2,0.9999979910559809,1.6777000005229772e-08,0.9999979910559809,1.9921670190052424e-06,class2,0.67,0.004285714285714286,0.67,0.32571428571428573,class3,0.5844444444444444,0.005555555555555556,0.41,0.5844444444444444,class2,0.9999918519854614,3.604483507919828e-08,0.9999918519854614,8.111969703536455e-06,class2,0.9999839913976698,3.29936426138689e-08,0.9999839913976698,1.597560868770384e-05,class2,0.9892594814300537,0.00016977782070171088,0.9892594814300537,0.0105707086622715,class2,0.9993143263160126,4.98030070376612e-06,0.9993143263160126,0.000680693383283831
1922,class2,class2,True,0.763866636662022,0.5292108892987879,0.001477614845221418,0.763866636662022,0.2346557473632341,class2,0.9999797425820924,1.6797803918786244e-07,0.9999797425820924,2.008943986838387e-05,class2,0.9999354877286256,3.4537178395795057e-07,0.9999354877286256,6.41668995905952e-05,class2,0.7828571428571428,0.002857142857142857,0.7828571428571428,0.21428571428571427,class3,0.72,0.0011111111111111111,0.2788888888888889,0.72,class3,0.60940806921597,0.0001461392290957465,0.3904457915549342,0.60940806921597,class2,0.9985046955780479,6.418299872192068e-07,0.9985046955780479,0.0014946625919648256,class2,0.9624879360198975,0.0005550526548177004,0.9624879360198975,0.03695697709918022,class2,0.9915545141168555,9.642115414489703e-06,0.9915545141168555,0.008435843767730026
2469,class2,class2,True,0.7569917862544749,0.5314625584732102,0.01747898632059793,0.7569917862544749,0.22552922778126466,class2,0.9999944976956057,2.5234218356759347e-07,0.9999944976956057,5.249962210781023e-06,class2,0.9999954968619617,2.5628756424173646e-07,0.9999954968619617,4.2468504741465685e-06,class2,0.6671428571428571,0.032857142857142856,0.6671428571428571,0.3,class3,0.5888888888888889,0.017777777777777778,0.3933333333333333,0.5888888888888889,class2,0.9978996596537009,8.241221796622616e-06,0.9978996596537009,0.00209209912450261,class2,0.9996714825100751,1.1076349714173466e-06,0.9996714825100751,0.00032740985495367553,class2,0.9898862838745117,0.00037515218718908727,0.9898862838745117,0.009738574735820293,class2,0.9986914536708342,6.774876671223507e-06,0.9986914536708342,0.0013017714524946914
2681,class2,class2,True,0.763375344114442,0.5389345887836988,0.012183900504870141,0.763375344114442,0.22444075533074312,class2,0.999964243751535,1.4792652607190007e-07,0.999964243751535,3.560832193894322e-05,class2,0.9999360079619672,1.200346642568499e-07,0.9999360079619672,6.387200336844315e-05,class2,0.7128571428571429,0.015714285714285715,0.7128571428571429,0.2714285714285714,class3,0.6522222222222223,0.03333333333333333,0.31444444444444447,0.6522222222222223,class2,0.9997478973024567,8.966635963257429e-08,0.9997478973024567,0.00025201303118358456,class2,0.9998312557997362,1.3793331936756702e-07,0.9998312557997362,0.00016860626694440218,class2,0.9386568069458008,0.0005245417123660445,0.9386568069458008,0.06081864982843399,class2,0.9952009159634552,8.257185408465015e-06,0.9952009159634552,0.0047908268511363174
591,class2,class2,True,0.768906487160795,0.5400987310299885,0.0022857575958806077,0.768906487160795,0.22880775613080645,class2,0.9999983805058397,3.1020820369618455e-07,0.9999983805058397,1.3092859567720258e-06,class2,0.9999988358432378,4.154918313145739e-07,0.9999988358432378,7.486649308622252e-07,class2,0.6842857142857143,0.004285714285714286,0.6842857142857143,0.31142857142857144,class3,0.5755555555555556,0.0022222222222222222,0.4222222222222222,0.5755555555555556,class2,0.9999927665484153,3.64732392181641e-07,0.9999927665484153,6.868719192484402e-06,class2,0.999964482972602,4.6110492948295273e-07,0.999964482972602,3.505592246850865e-05,class2,0.9792049527168274,0.0006626032991334796,0.9792049527168274,0.02013247087597847,class2,0.9991008580464582,4.789664662267307e-06,0.9991008580464582,0.0008943522888794709
2865,class2,class2,True,0.759349127949964,0.5473955686142526,0.028697312516466032,0.759349127949964,0.21195355933571142,class2,0.9999981075555886,1.156444379706226e-07,0.9999981075555886,1.7767999735728135e-06,class2,0.9999963146546424,3.1260154547784953e-07,0.9999963146546424,3.3727438119950423e-06,class2,0.72,0.04,0.72,0.24,class3,0.6744444444444444,0.07,0.25555555555555554,0.6744444444444444,class2,0.9999972745870879,4.3772542475171004e-07,0.9999972745870879,2.287687487235138e-06,class2,0.9999836917459519,1.5526653522536392e-06,0.9999836917459519,1.4755588695772496e-05,class2,0.9840118885040283,0.0002656276919879019,0.9840118885040283,0.015722477808594704,class2,0.997819945920562,1.1272341393881497e-05,0.997819945920562,0.002168781738044097
1905,class1,class1,True,0.7163477108020505,0.5507283478484851,0.7163477108020505,0.16561936295356536,0.11803292649026659,class1,0.9999981591605397,0.9999981591605397,1.3445870665429976e-06,4.962523939010963e-07,class1,0.9999910607679624,0.9999910607679624,7.928129171979134e-06,1.011102865619002e-06,class1,0.61,0.61,0.2357142857142857,0.15428571428571428,class2,0.35333333333333333,0.33444444444444443,0.35333333333333333,0.31222222222222223,class1,0.9973065614066526,0.9973065614066526,0.0026335386054634397,5.989998788391362e-05,class1,0.9919000716495162,0.9919000716495162,0.0054192156171508354,0.002680712733332838,class1,0.8153002262115479,0.8153002262115479,0.15993908047676086,0.02476070076227188,class1,0.998967170042413,0.998967170042413,0.0009962270915089121,3.6602866078109375e-05
2086,class2,class2,True,0.771213766872271,0.551033729348444,0.008606195306153844,0.771213766872271,0.22018003752382703,class2,0.9999980269878391,2.9164721563278084e-07,0.9999980269878391,1.6813649452643172e-06,class2,0.9999993065763403,1.9660519617891917e-07,0.9999993065763403,4.968184635939324e-07,class2,0.7014285714285714,0.015714285714285715,0.7014285714285714,0.28285714285714286,class3,0.6,0.01,0.39,0.6,class2,0.9999899296611147,3.6552588352359046e-07,0.9999899296611147,9.704813001829831e-06,class2,0.9999708815953536,3.614732587481544e-07,0.9999708815953536,2.875693138747845e-05,class2,0.9696855545043945,0.0006815607775934041,0.9696855545043945,0.029632875695824623,class2,0.9980335835475168,5.888432450511086e-06,0.9980335835475168,0.0019605280200325546
156,class2,class2,True,0.7786224618078592,0.5581219653703513,0.000877041535644002,0.7786224618078592,0.2205004964375079,class2,0.9997998637134679,2.650895419912865e-06,0.9997998637134679,0.00019748539111226257,class2,0.9998577756492865,3.625618248805195e-07,0.9998577756492865,0.0001418617888888136,class2,0.6971428571428572,0.0,0.6971428571428572,0.3028571428571429,class3,0.5422222222222223,0.005555555555555556,0.45222222222222225,0.5422222222222223,class2,0.9992502793865357,1.705601180064786e-06,0.9992502793865357,0.0007480150122843166,class2,0.9996119272220462,2.816541054451305e-06,0.9996119272220462,0.000385256236899315,class2,0.9724547863006592,0.0006769084138795733,0.9724547863006592,0.026868298649787903,class2,0.9958855677337601,1.0640113497693187e-05,0.9958855677337601,0.004103792152742077
2430,class2,class2,True,0.7488219182898284,0.5678685551228955,0.07022471888132721,0.7488219182898284,0.1809533631669329,class2,0.9999890329384236,3.04511319659673e-06,0.9999890329384236,7.921948379935232e-06,class2,0.9999992305272721,3.3792563493878176e-07,0.9999992305272721,4.315470927521553e-07,class2,0.6728571428571428,0.07428571428571429,0.6728571428571428,0.25285714285714284,class3,0.43666666666666665,0.2388888888888889,0.3244444444444444,0.43666666666666665,class2,0.9999882799379136,8.706858451668518e-07,0.9999882799379136,1.084937624136102e-05,class2,0.9997916281873828,2.0964388248875515e-05,0.9997916281873828,0.00018740742436830114,class2,0.9813185334205627,0.006756193935871124,0.9813185334205627,0.011925282888114452,class2,0.9990150704109243,4.855737779296273e-05,0.9990150704109243,0.0009363722112828165
2775,class2,class2,True,0.7811284724969065,0.5747757993410422,0.012518854803456417,0.7811284724969065,0.20635267315586436,class2,0.9999991272411514,1.0338754669611786e-07,0.9999991272411514,7.693713020254733e-07,class2,0.9999995737155075,1.0719998695246139e-07,0.9999995737155075,3.1908450563064134e-07,class2,0.7857142857142857,0.01,0.7857142857142857,0.2042857142857143,class3,0.7455555555555555,0.052222222222222225,0.20222222222222222,0.7455555555555555,class2,0.9999868915822744,3.7950648709779864e-07,0.9999868915822744,1.2728911238682593e-05,class2,0.9999608660312486,2.8921595923717685e-07,0.9999608660312486,3.884475279210327e-05,class2,0.9940231442451477,0.0004578361695166677,0.9940231442451477,0.005519033409655094,class2,0.9993142845245506,5.0221206323302014e-06,0.9993142845245506,0.0006806933548171405
639,class2,class2,True,0.7859226872000891,0.5761346879009774,0.004289313183841521,0.7859226872000891,0.20978799929911163,class2,0.9999796402648382,1.814421814358697e-07,0.9999796402648382,2.0178292980333772e-05,class2,0.9999981715453797,5.7503755813386616e-08,0.9999981715453797,1.770950864460238e-06,class2,0.7485714285714286,0.005714285714285714,0.7485714285714286,0.24571428571428572,class3,0.6311111111111111,0.011111111111111112,0.35777777777777775,0.6311111111111111,class2,0.9735529773853008,3.935017512258021e-06,0.9735529773853008,0.026443087597186814,class2,0.9995207680777128,2.0597715096500667e-07,0.9995207680777128,0.00047902594513607525,class2,0.973533034324646,0.0005837154458276927,0.973533034324646,0.02588324062526226,class2,0.9937469903441504,9.644150635549418e-06,0.9937469903441504,0.00624336550521418
2970,class2,class2,True,0.7882349123317169,0.5766541440069147,0.00018431958456082242,0.7882349123317169,0.21158076832480224,class2,0.999983738294441,8.589234207464657e-08,0.999983738294441,1.617581321704171e-05,class2,0.9999798160611139,1.613015750286159e-07,0.9999798160611139,2.002263731092924e-05,class2,0.7471428571428571,0.0,0.7471428571428571,0.25285714285714284,class3,0.6266666666666667,0.0011111111111111111,0.37222222222222223,0.6266666666666667,class2,0.9999610363952868,1.1717518854280997e-07,0.9999610363952868,3.884642952469295e-05,class2,0.9999756120150872,4.614670729205625e-08,0.9999756120150872,2.4341838205474955e-05,class2,0.9625077247619629,0.00037638083449564874,0.9625077247619629,0.037115901708602905,class2,0.9934707378081747,1.1346564320491416e-05,0.9934707378081747,0.006517915627504716
380,class2,class2,True,0.7436305629461126,0.5777670750018508,0.09050595049463533,0.7436305629461126,0.16586348794426187,class2,0.9999974180837677,2.171187532461009e-06,0.9999974180837677,4.107286996634427e-07,class2,0.9999919595271266,7.158341417889882e-06,0.9999919595271266,8.821314556044534e-07,class2,0.6114285714285714,0.16142857142857142,0.6114285714285714,0.22714285714285715,class2,0.4666666666666667,0.11777777777777777,0.4666666666666667,0.41555555555555557,class2,0.999829166773734,6.395284008015213e-05,0.999829166773734,0.00010688038618578678,class2,0.9999838523580435,1.019216598416441e-06,0.9999838523580435,1.5128425358032659e-05,class2,0.9960546493530273,0.000622594088781625,0.9960546493530273,0.00332279852591455,class2,0.9993313443847495,4.980385517020043e-06,0.9993313443847495,0.0006636752297336818
2390,class2,class2,True,0.7901735175026957,0.5805377881091295,0.0001907522815687057,0.7901735175026957,0.20963572939356623,class2,0.999985465261612,1.2621857520903587e-07,0.999985465261612,1.4408519812942363e-05,class2,0.9999863321530336,3.266988254718887e-08,0.9999863321530336,1.3635177083772148e-05,class2,0.7528571428571429,0.0,0.7528571428571429,0.24714285714285714,class3,0.6111111111111112,0.0011111111111111111,0.3877777777777778,0.6111111111111112,class2,0.9999158237716216,2.1564733689105685e-08,0.9999158237716216,8.415466364473508e-05,class2,0.9998177060596422,1.482040547218096e-07,0.9998177060596422,0.00018214573630314767,class2,0.9234165549278259,0.0005525697488337755,0.9234165549278259,0.07603085041046143,class2,0.9781192513943339,1.690996794502059e-05,0.9781192513943339,0.021863838637721095
2304,class2,class2,True,0.7895670897310113,0.5805991750501159,0.001464996806940362,0.7895670897310113,0.20896791468089537,class2,0.9999981915719441,5.063564581173361e-08,0.9999981915719441,1.7577924099791254e-06,class2,0.9999951654596342,9.899212183290892e-08,0.9999951654596342,4.735548243970324e-06,class2,0.7742857142857142,0.002857142857142857,0.7742857142857142,0.22285714285714286,class3,0.7066666666666667,0.0011111111111111111,0.2922222222222222,0.7066666666666667,class2,0.9999779214965584,8.446661026447775e-08,0.9999779214965584,2.1994036831529847e-05,class2,0.999978752885662,3.034854703841578e-08,0.999978752885662,2.12167657911125e-05,class2,0.9890145659446716,0.000371589936548844,0.9890145659446716,0.010613881051540375,class2,0.9985167416879394,6.639081253093659e-06,0.9985167416879394,0.0014766192308073905
163,class2,class2,True,0.7903981611700781,0.5816180785698085,0.0008217555822898462,0.7903981611700781,0.20878008260026962,class2,0.999995715494884,5.213661040640037e-08,0.999995715494884,4.232368505598558e-06,class2,0.9999606094214069,2.5101914872998397e-07,0.9999606094214069,3.9139559444362275e-05,class2,0.7457142857142857,0.0014285714285714286,0.7457142857142857,0.25285714285714284,class3,0.6000995121951219,0.0011111111111111111,0.39878937669376696,0.6000995121951219,class2,0.9999002981226554,2.3447496011886765e-07,0.9999002981226554,9.946740238444699e-05,class2,0.9960838028692763,2.551971671074498e-07,0.9960838028692763,0.0039159419335564535,class2,0.9343820214271545,0.00029420381179079413,0.9343820214271545,0.06532375514507294,class2,0.9913679853900549,6.428463564910943e-06,0.9913679853900549,0.008625586146380166
1173,class2,class2,True,0.791714978045327,0.5873741314212088,0.003944174625563805,0.791714978045327,0.20434084662411825,class2,0.9999978375523481,8.178811675878674e-08,0.9999978375523481,2.080659535051207e-06,class2,0.9999878935556413,1.5588011732111206e-07,0.9999878935556413,1.1950564241435664e-05,class2,0.7314285714285714,0.005714285714285714,0.7314285714285714,0.26285714285714284,class3,0.56,0.008888888888888889,0.4311111111111111,0.56,class2,0.9999772368661307,1.6863599954361592e-07,0.9999772368661307,2.2594497869837687e-05,class2,0.9998591657659989,6.518540844446935e-07,0.9998591657659989,0.00014018237991662548,class2,0.9882414937019348,0.0004856391460634768,0.9882414937019348,0.011272845789790154,class2,0.9991649182809857,4.789971765438224e-06,0.9991649182809857,0.000830291747248925
2415,class2,class2,True,0.7950175729702589,0.5903835535914146,0.00034840890288033357,0.7950175729702589,0.20463401937884432,class2,0.9999915490213086,1.4615908508021542e-07,0.9999915490213086,8.304819606280328e-06,class2,0.9999992644123683,3.457407136854386e-08,0.9999992644123683,7.010135603905919e-07,class2,0.7657142857142857,0.0,0.7657142857142857,0.2342857142857143,class3,0.6422222222222222,0.0022222222222222222,0.35555555555555557,0.6422222222222222,class2,0.9999962563633226,6.566110115401169e-08,0.9999962563633226,3.67797557622989e-06,class2,0.9999797089362806,9.854937848866444e-08,0.9999797089362806,2.0192514340852023e-05,class2,0.9908968806266785,0.0001895369350677356,0.9908968806266785,0.008913620375096798,class2,0.9941160225497138,8.248184044095276e-06,0.9941160225497138,0.005875729266242171
955,class2,class2,True,0.7970087453312359,0.5942108607010866,0.00019337050156546928,0.7970087453312359,0.20279788463014922,class2,0.9999786313742572,1.4623491114568232e-07,0.9999786313742572,2.122239083156654e-05,class2,0.9992666984549338,9.462767182421311e-07,0.9992666984549338,0.0007323552683479028,class2,0.73,0.0,0.73,0.27,class3,0.5244444444444445,0.0011111111111111111,0.47444444444444445,0.5244444444444445,class2,0.9994711301432422,1.0381291306424995e-06,0.9994711301432422,0.0005278317276272107,class2,0.9997754649685988,9.421885522695292e-07,0.9997754649685988,0.00022359284284881816,class2,0.9691194891929626,0.0006654551834799349,0.9691194891929626,0.0302150696516037,class2,0.9990008120874966,5.9094677506532115e-06,0.9990008120874966,0.0009932784447526642
781,class2,class2,True,0.7964083829680302,0.5957322423183602,0.0029154738572025798,0.7964083829680302,0.20067614064966993,class2,0.9999989355602424,5.928101261193189e-08,0.9999989355602424,1.0051587450990155e-06,class2,0.9999884609719502,1.353892699995166e-06,0.9999884609719502,1.0185135349778192e-05,class2,0.74,0.005714285714285714,0.74,0.2542857142857143,class3,0.5622222222222222,0.0022222222222222222,0.43555555555555553,0.5622222222222222,class2,0.9999849524294689,2.1436248928638986e-07,0.9999849524294689,1.4833208041756003e-05,class2,0.999977705886648,1.2672074921995236e-07,0.999977705886648,2.2167392602912738e-05,class2,0.9937508702278137,0.00032449126592837274,0.9937508702278137,0.005924561992287636,class2,0.9989970198875427,6.3864609060587596e-06,0.9989970198875427,0.0009965936515512134
1847,class1,class1,True,0.7747582563442371,0.5959752622051737,0.7747582563442371,0.04645874908880648,0.17878299413906346,class1,0.9999995396729843,0.9999995396729843,6.672750455260735e-09,4.5365426544120983e-07,class1,0.9999986846487008,0.9999986846487008,4.611481214716713e-09,1.3107398182147898e-06,class1,0.6914285714285714,0.6914285714285714,0.07428571428571429,0.2342857142857143,class3,0.47444444444444445,0.44,0.08555555555555555,0.47444444444444445,class1,0.9999776979088253,0.9999776979088253,7.925234541050754e-08,2.2222838829188105e-05,class1,0.999978760631184,0.999978760631184,1.4920882547911817e-07,2.109015999071002e-05,class1,0.9921773076057434,0.9921773076057434,0.0001549744774820283,0.007667704951018095,class1,0.9945464505642602,0.9945464505642602,1.3716869096997184e-05,0.005439832566642919
2409,class1,class1,True,0.7868995455663654,0.5975302271877525,0.7868995455663654,0.023731137428505716,0.1893693183786129,class1,0.9999875009418284,0.9999875009418284,1.8347242318154258e-07,1.2315585748234433e-05,class1,0.9999926635259591,0.9999926635259591,7.687299673174922e-08,7.259601044311779e-06,class1,0.7414285714285714,0.7414285714285714,0.047142857142857146,0.21142857142857144,class3,0.6011111111111112,0.38222222222222224,0.016666666666666666,0.6011111111111112,class1,0.9999530819646412,0.9999530819646412,7.272805214023061e-07,4.61907548373602e-05,class1,0.9993739515582167,0.9993739515582167,7.345459380921412e-06,0.0006187029824023982,class1,0.9366347193717957,0.9366347193717957,0.0008639662410132587,0.06250135600566864,class1,0.998494982346294,0.998494982346294,6.108858595844771e-06,0.001498908795110128
1715,class2,class2,True,0.7927996759299955,0.5982966409725232,0.012697288602518389,0.7927996759299955,0.1945030349574723,class2,0.9999993145624251,2.8980300042554495e-07,0.9999993145624251,3.956345746551149e-07,class2,0.9999990255031703,2.932662222976995e-07,0.9999990255031703,6.812306073965301e-07,class2,0.6971428571428572,0.02142857142857143,0.6971428571428572,0.2814285714285714,class2,0.5366666666666666,0.02,0.5366666666666666,0.44333333333333336,class2,0.999983764170715,4.106481373697808e-07,0.999983764170715,1.582518114773459e-05,class2,0.9999789111109884,5.561225156482607e-07,0.9999789111109884,2.053276649584023e-05,class2,0.9943403005599976,0.00047127986908890307,0.9943403005599976,0.005188404116779566,class2,0.9995950551586023,4.545956098646087e-06,0.9995950551586023,0.000400398885299358
1269,class2,class2,True,0.7979873936161951,0.5994001416220676,0.0034253559322056375,0.7979873936161951,0.19858725199412758,class2,0.9999937218398591,4.374762384487963e-08,0.9999937218398591,6.23441251714454e-06,class2,0.9999917806826233,3.6903890644189177e-07,0.9999917806826233,7.850278470268821e-06,class2,0.7,0.005714285714285714,0.7,0.29428571428571426,class2,0.5633333333333334,0.005555555555555556,0.5633333333333334,0.4311111111111111,class2,0.9999871977545303,6.301615665268134e-08,0.9999871977545303,1.273922931296922e-05,class2,0.999935417937443,5.6556728341253184e-08,0.999935417937443,6.452550582882573e-05,class2,0.990994393825531,0.0002625977504067123,0.990994393825531,0.008743055164813995,class2,0.9989198902128982,8.045042945548286e-06,0.9989198902128982,0.0010720647441563522
1968,class2,class2,True,0.8001853233271876,0.6008921916242789,0.0005215455164158563,0.8001853233271876,0.1992931317029087,class2,0.9999934747004494,6.191423891876365e-08,0.9999934747004494,6.463385311565126e-06,class2,0.9999819686017878,1.80740090684546e-07,0.9999819686017878,1.7850658121289108e-05,class2,0.73,0.0,0.73,0.27,class3,0.5055555555555555,0.0033333333333333335,0.4911111111111111,0.5055555555555555,class2,0.9999604525211215,8.560159005704747e-08,0.9999604525211215,3.946187728840196e-05,class2,0.9999472941683369,5.4912101823705016e-08,0.9999472941683369,5.2650919561387714e-05,class2,0.9864200949668884,0.0002662351180333644,0.9864200949668884,0.013313686475157738,class2,0.9987866513333504,8.286936267110732e-06,0.9987866513333504,0.0012050617303822737
2412,class2,class2,True,0.7997215395521806,0.6013784450848915,0.0019353648586916297,0.7997215395521806,0.19834309446728918,class2,0.9998373489746326,2.844982993989273e-07,0.9998373489746326,0.0001623665270681249,class2,0.9999436377945242,5.1458937862054614e-08,0.9999436377945242,5.63107465380454e-05,class2,0.7771428571428571,0.004285714285714286,0.7771428571428571,0.21857142857142858,class3,0.6311111111111111,0.0,0.3688888888888889,0.6311111111111111,class2,0.9991501376403517,1.2156720552577283e-07,0.9991501376403517,0.0008497407924429171,class2,0.9988442833017849,6.384188477518641e-07,0.9988442833017849,0.0011550782793675134,class2,0.9227408766746521,0.00038194237276911736,0.9227408766746521,0.07687714695930481,class2,0.9929582484410829,5.736865109648664e-06,0.9929582484410829,0.007036014693807408
2321,class2,class2,True,0.7817929458363186,0.6111682939103577,0.04758240175940231,0.7817929458363186,0.170624651925961,class2,0.9999882167236328,4.788071683292542e-07,0.9999882167236328,1.1304469198902593e-05,class2,0.9999057693920559,1.160504660677339e-05,0.9999057693920559,8.262556133740758e-05,class2,0.6614285714285715,0.054285714285714284,0.6614285714285715,0.2842857142857143,class2,0.5822222222222222,0.1511111111111111,0.5822222222222222,0.26666666666666666,class2,0.9997039848675563,1.1619755193691559e-06,0.9997039848675563,0.00029485315692436394,class2,0.9998318363280656,2.2206424646470953e-06,0.9998318363280656,0.00016594302946972797,class2,0.96662837266922,0.0009394888184033334,0.96662837266922,0.03243212401866913,class2,0.9902344050403117,2.2003398890046667e-05,0.9902344050403117,0.009743591560798367
2485,class2,class2,True,0.8020728633716133,0.6117614778553443,0.007615749911519836,0.8020728633716133,0.19031138551626903,class2,0.9999945526809048,1.9874466262648872e-07,0.9999945526809048,5.248574432773453e-06,class2,0.9999915532352981,3.3526170336885504e-07,0.9999915532352981,8.111502998550312e-06,class2,0.7742857142857142,0.014285714285714285,0.7742857142857142,0.21142857142857144,class3,0.6166666666666667,0.0077777777777777776,0.37555555555555553,0.6166666666666667,class2,0.9999633287459692,6.863167965787115e-07,0.9999633287459692,3.5984937234039895e-05,class2,0.9998786488000401,4.791440995947862e-07,0.9998786488000401,0.0001208720558602855,class2,0.9788676500320435,0.00042567861964926124,0.9788676500320435,0.02070663496851921,class2,0.9989595425576463,4.788987199328963e-06,0.9989595425576463,0.0010356684551543456
599,class1,class1,True,0.7935710429275099,0.6118250111556964,0.7935710429275099,0.024682926440284234,0.18174603177181345,class1,0.9995840357310914,0.9995840357310914,3.956206281997835e-09,0.0004159603127021765,class1,0.9961051676461178,0.9961051676461178,2.390951031449559e-08,0.0038948084443718007,class1,0.7571428571428571,0.7571428571428571,0.037142857142857144,0.2057142857142857,class3,0.5233333333333333,0.42444444444444446,0.052222222222222225,0.5233333333333333,class1,0.974468491593422,0.974468491593422,2.7640250735082354e-06,0.025528744381504657,class1,0.9300775978375463,0.9300775978375463,5.210011526385874e-06,0.06991719215092723,class1,0.8541359901428223,0.8541359901428223,0.00017795439634937793,0.1456860899925232,class1,0.9911484162508811,0.9911484162508811,5.514333651101708e-06,0.008846069415467783
2024,class1,class1,True,0.7538670125519709,0.6152680831297219,0.7538670125519709,0.13859892942224897,0.10753405608945586,class1,0.9999968968547507,0.9999968968547507,1.9706611127813036e-06,1.1324841364248533e-06,class1,0.9999232952481685,0.9999232952481685,6.309744918630147e-05,1.360730264533426e-05,class1,0.6871428571428572,0.6871428571428572,0.16857142857142857,0.1442857142857143,class2,0.4011111111111111,0.32222222222222224,0.4011111111111111,0.27666666666666667,class1,0.9997545450453623,0.9997545450453623,3.5493594224994704e-05,0.0002099613604126928,class1,0.9998697022785011,0.9998697022785011,4.4302687440923905e-05,8.599503405793706e-05,class1,0.9598761200904846,0.9598761200904846,0.03042350709438324,0.00970031414180994,class1,0.9963180366707622,0.9963180366707622,0.0035724089715701555,0.00010955435766737364
2530,class2,class2,True,0.8104604027973601,0.6219679086750568,0.001047101142091501,0.8104604027973601,0.18849249412230332,class2,0.9999934912125432,1.4213880113015898e-06,0.9999934912125432,5.087399445457134e-06,class2,0.9999941645173241,9.73850761681842e-07,0.9999941645173241,4.86163191415834e-06,class2,0.8157142857142857,0.0,0.8157142857142857,0.18428571428571427,class3,0.6777777777777778,0.006666666666666667,0.31555555555555553,0.6777777777777778,class2,0.9999806053772753,1.6897713932509155e-06,0.9999806053772753,1.77048513314444e-05,class2,0.9999275785918738,2.3128710988919175e-06,0.9999275785918738,7.010853702733796e-05,class2,0.948328971862793,0.0006783650605939329,0.948328971862793,0.05099260434508324,class2,0.9991911822771226,6.498997837643916e-06,0.9991911822771226,0.0008023187250397217
1421,class2,class2,True,0.8101394472206183,0.6223840189931261,0.0021051241244768163,0.8101394472206183,0.18775542822749214,class2,0.9999968455194576,5.063819736014609e-08,0.9999968455194576,3.1038423452191084e-06,class2,0.9997674343738616,6.672243971125668e-07,0.9997674343738616,0.00023189840174117943,class2,0.7742857142857142,0.004285714285714286,0.7742857142857142,0.22142857142857142,class3,0.5688888888888889,0.0011111111111111111,0.43,0.5688888888888889,class2,0.9997926879543364,1.3073522646924885e-07,0.9997926879543364,0.00020718131043694353,class2,0.9999615916980491,1.2873788177266921e-07,0.9999615916980491,3.8279564069149195e-05,class2,0.9790676832199097,0.0003449433424975723,0.9790676832199097,0.020587360486388206,class2,0.996442909519844,9.159407632202735e-06,0.996442909519844,0.0035479310725236787
161,class2,class2,True,0.8072985843718976,0.6226503063564571,0.00805313717468387,0.8072985843718976,0.1846482780154405,class2,0.9999913954308637,8.042281697493911e-07,0.9999913954308637,7.800340966594031e-06,class2,0.9999995542795607,1.5643296944228736e-07,0.9999995542795607,2.892874697773955e-07,class2,0.7642857142857142,0.011428571428571429,0.7642857142857142,0.22428571428571428,class3,0.5433333333333333,0.01888888888888889,0.43777777777777777,0.5433333333333333,class2,0.9999894449970484,3.609388833578133e-06,0.9999894449970484,6.945614117973095e-06,class2,0.9999219800158183,3.910752408891924e-06,0.9999219800158183,7.410923177276571e-05,class2,0.9834454655647278,0.0007965171243995428,0.9834454655647278,0.015758004039525986,class2,0.9989886639567964,6.642219037526587e-06,0.9989886639567964,0.0010046938241660632
2425,class2,class2,True,0.7918854037226197,0.6254329218509086,0.04166211335682694,0.7918854037226197,0.1664524818717111,class2,0.9999957366846544,1.4186602022350276e-06,0.9999957366846544,2.8446551434204007e-06,class2,0.9999949862240689,6.244413683809789e-07,0.9999949862240689,4.389334562733574e-06,class2,0.6871428571428572,0.05857142857142857,0.6871428571428572,0.2542857142857143,class2,0.5611111111111111,0.1,0.5611111111111111,0.3388888888888889,class2,0.9999063764622214,3.6306449005234933e-06,0.9999063764622214,8.999289287815616e-05,class2,0.9999851163925393,1.6885718167612148e-06,0.9999851163925393,1.3195035643969592e-05,class2,0.9923056960105896,0.0011609717039391398,0.9923056960105896,0.006533300504088402,class2,0.9985952308559908,8.944846571556149e-06,0.9985952308559908,0.0013958242974376502
2378,class2,class2,True,0.8110107324271029,0.6259196064605753,0.0038981429913793695,0.8110107324271029,0.18509112596652758,class2,0.9999070205355426,4.381024675235148e-07,0.9999070205355426,9.254136198969619e-05,class2,0.9999832187525424,2.2576764581733446e-07,0.9999832187525424,1.6555479811948463e-05,class2,0.8,0.007142857142857143,0.8,0.19285714285714287,class3,0.6288888888888889,0.0044444444444444444,0.36666666666666664,0.6288888888888889,class2,0.9980938837786695,3.2624201343944068e-06,0.9980938837786695,0.001902853801196229,class2,0.9954303927849257,3.5231635143774455e-06,0.9954303927849257,0.004566084051559875,class2,0.9534801840782166,0.0003405782044865191,0.9534801840782166,0.04617927968502045,class2,0.9973841602811253,6.775711682943296e-06,0.9973841602811253,0.002609064007191696
5,class2,class2,True,0.8131000119399243,0.6262206934231072,2.0671156862147856e-05,0.8131000119399243,0.1868793185168171,class2,0.9999963195089154,1.0225297136324298e-07,0.9999963195089154,3.5782381131381235e-06,class2,0.9999177384398625,1.4490190741046046e-07,0.9999177384398625,8.211665822998983e-05,class2,0.7757142857142857,0.0,0.7757142857142857,0.22428571428571428,class3,0.5444444444444444,0.0,0.45555555555555555,0.5444444444444444,class2,0.9880709561005974,5.19086579257422e-07,0.9880709561005974,0.011928524812823586,class2,0.9993508171941955,8.447158129344785e-08,0.9993508171941955,0.0006490983342231617,class2,0.946069061756134,0.0005969707854092121,0.946069061756134,0.05333401635289192,class2,0.9963472178477386,8.266696279125175e-06,0.9963472178477386,0.0036445154559822035
